<?xml version="1.0" encoding="UTF-8"?>
<?xml-stylesheet href="view1.xsl" type="text/xsl"?>
<my:expenseReport xmlns:xsi="http://www.w3.org/2001/XMLSchema-instance" xmlns:xhtml="http://www.w3.org/1999/xhtml" xmlns:my="http://schemas.microsoft.com/office/infopath/2003/myXSD/2005-10-21T21:12:27" xmlns:xd="http://schemas.microsoft.com/office/infopath/2003">
	<my:employee>
		<my:name></my:name>
		<my:identificationNumber></my:identificationNumber>
		<my:emailAddress></my:emailAddress>
		<my:jobTitle></my:jobTitle>
		<my:department></my:department>
	</my:employee>
	<my:manager>
		<my:managerName></my:managerName>
		<my:managerEmailAddress></my:managerEmailAddress>
	</my:manager>
	<my:expenseCode></my:expenseCode>
	<my:startDate xsi:nil="true"></my:startDate>
	<my:endDate xsi:nil="true"></my:endDate>
	<my:reportDate xsi:nil="true"></my:reportDate>
	<my:purpose></my:purpose>
	<my:items>
		<my:item>
			<my:date xsi:nil="true"></my:date>
			<my:description></my:description>
			<my:amount>0</my:amount>
			<my:category></my:category>
			<my:merchantName></my:merchantName>
			<my:entertainmentDetails>
				<my:peopleEntertained>
					<my:personEntertained>
						<my:personName></my:personName>
						<my:personTitle></my:personTitle>
						<my:Firm></my:Firm>
					</my:personEntertained>
				</my:peopleEntertained>
				<my:entertainmentPurpose></my:entertainmentPurpose>
				<my:entertainmentPlace></my:entertainmentPlace>
			</my:entertainmentDetails>
			<my:gifts>
				<my:gift>
					<my:recipientName></my:recipientName>
					<my:giftAmount>0</my:giftAmount>
				</my:gift>
			</my:gifts>
			<my:additionalInfo></my:additionalInfo>
		</my:item>
		<my:cashAdvance>0.00</my:cashAdvance>
		<my:total xsi:nil="true"></my:total>
		<my:subTotal xsi:nil="true"></my:subTotal>
		<my:itemPosition xsi:nil="true"></my:itemPosition>
	</my:items>
</my:expenseReport>
