<flowchart>
  <block id="b1" left="50" top="50" width="33" height="33" type="start_hor" caption="Start Hor" lock="false" zindex="1001" cap-pos="outside">
    <bpel/>
  </block>
  <block id="b2" left="150" top="50" width="33" height="33" type="start_ver" caption="Start Ver" lock="false" zindex="1001" cap-pos="outside">
    <bpel/>
  </block>
  <block id="b3" left="50" top="150" width="33" height="33" type="msgstart_hor" caption="Message Start Hor" lock="false" zindex="1001" cap-pos="outside">
    <bpel/>
  </block>
  <block id="b4" left="150" top="150" width="33" height="33" type="msgstart_ver" caption="Message Start Ver" lock="false" zindex="1001" cap-pos="outside">
    <bpel/>
  </block>
  <block id="b5" left="50" top="250" width="33" height="33" type="end_hor" caption="End Hor" lock="false" zindex="1001" cap-pos="outside">
    <bpel/>
  </block>
  <block id="b6" left="150" top="250" width="33" height="33" type="end_ver" caption="End Ver" lock="false" zindex="1001" cap-pos="outside">
    <bpel/>
  </block>
  <block id="b7" left="50" top="350" width="33" height="33" type="msgend_hor" caption="Message End Hor" lock="false" zindex="1001" cap-pos="outside">
    <bpel/>
  </block>
  <block id="b8" left="150" top="350" width="33" height="33" type="msgend_ver" caption="Message End Ver" lock="false" zindex="1001" cap-pos="outside">
    <bpel/>
  </block>

  <block id="b9" left="150" top="450" width="140" height="63" type="DecisionTask_hor" caption="Decision Task" lock="false" zindex="1001" cap-pos="outside">
    <bpel/>
  </block>
</flowchart>