<flowchart>
  <block id="b2" left="200" top="50" width="35" height="36" type="eStart" caption="Start" lock="false" zindex="1001" cap-pos="topside">
    <bpel/>
    <connection ref="b10" output="1" input="1" type="none-arrow">
      <bpel/>
    </connection>
  </block>
  <block id="b10" left="171" top="150" width="93" height="63" type="eActivity" caption="Activity" lock="false" zindex="1001" cap-pos="inside">
    <bpel/>
    <connection ref="b11" output="2" input="1" type="none-arrow">
      <bpel/>
    </connection>
  </block>
  <block id="b11" left="196" top="270" width="43" height="43" type="eDecision" caption="Make a Decision" lock="false" zindex="1001" cap-pos="outside">
    <bpel/>
    <connection ref="b111" output="3" input="1" type="none-arrow">
      <bpel/>
    </connection>
    <connection ref="b112" output="4" input="1" type="none-arrow">
      <bpel/>
    </connection>
  </block>
  <block id="b111" left="50" top="360" width="93" height="63" type="eActivity" caption="IF" lock="false" zindex="1001" cap-pos="inside">
    <bpel/>
    <connection ref="b6" output="2" input="1" type="none-arrow">
      <bpel/>
    </connection>
  </block>
  <block id="b112" left="300" top="360" width="93" height="63" type="eActivity" caption="ELSE" lock="false" zindex="1001" cap-pos="inside">
    <bpel/>
    <connection ref="b12" output="2" input="1" type="none-arrow">
      <bpel/>
    </connection>
  </block>
  <block id="b12" left="325" top="470" width="43" height="43" type="eDecision" caption="Make another decision" lock="false" zindex="1001" cap-pos="none">
    <bpel/>
    <connection ref="b10" output="4" input="1" type="none-arrow">
      <bpel/>
    </connection>
    <connection ref="b13" output="3" input="1" type="none-arrow">
      <bpel/>
    </connection>
  </block>
  <block id="b13" left="171" top="470" width="93" height="63" type="eActivity" caption="Save the Log" lock="false" zindex="1001" cap-pos="inside">
    <bpel/>
    <connection ref="b6" output="2" input="1" type="none-arrow">
      <bpel/>
    </connection>
  </block>
  <block id="b6" left="79" top="590" width="35" height="36" type="eEnd" caption="Terminate" lock="false" zindex="1001" cap-pos="outside">
    <bpel/>
  </block>
</flowchart>