<flowchart>
  <block id="b6211" left="102" top="227" width="37" height="37" type="messagestart" caption="آغاز" lock="false" zindex="1001" cap-pos="outside">
    <bpel/>
    <connection ref="b62111" output="1" input="1" type="none-arrow">
      <bpel/>
    </connection>
  </block>
  <block id="b62111" left="228" top="221" width="70" height="50" type="compositeActivity" caption=" دریافت اطلاعات مرخصی از بانک اطلاعاتی " lock="false" zindex="1001" cap-pos="outside">
    <bpel/>
    <connection ref="b621111" output="2" input="1" type="none-arrow">
      <bpel/>
    </connection>
  </block>
  <block id="b621111" left="371" top="224" width="42" height="42" type="conditional" caption="مقایسه شرطی" lock="false" zindex="1001" cap-pos="outside">
    <bpel/>
    <connection ref="b62111111" output="3" input="1" type="none-arrow" bpelCondition="bpws:getVariableData('startProcessRecieveMessage', 'processInstanceId')=&quot;1&quot; and bpws:getVariableData('startProcessRecieveMessage', 'processInstanceId')=bpws:getVariableData('lastTaskStatus')">
      <bpel/>
    </connection>
    <connection ref="b62111111111" output="4" input="1" type="none-arrow">
      <bpel/>
    </connection>
  </block>
  <block id="b62111111" left="450" top="106" width="70" height="50" type="processLog" caption=" ثبت سابقه مرخصی " lock="false" zindex="1001" cap-pos="outside">
    <bpel/>
    <connection ref="b6211111111" output="2" input="1" type="none-arrow">
      <bpel/>
    </connection>
  </block>
  <block id="b6211111111" left="612" top="112" width="37" height="37" type="messageend" caption="پایان" lock="false" zindex="1001" cap-pos="outside">
    <bpel/>
  </block>
  <block id="b62111111111" left="473" top="312" width="70" height="50" type="assignForm" caption=" ارجاع فرم تایید مرخصی به مدیر " lock="false" zindex="1001" cap-pos="outside">
    <bpel/>
    <connection ref="b621111111111" output="2" input="1" type="none-arrow">
      <bpel/>
    </connection>
  </block>
  <block id="b621111111111" left="642" top="316" width="42" height="42" type="conditional" caption="مقایسه شرطی" lock="false" zindex="1001" cap-pos="outside">
    <bpel/>
    <connection ref="b62111111111111" output="3" input="1" type="none-arrow">
      <bpel/>
    </connection>
    <connection ref="b62111111111111111" output="4" input="1" type="none-arrow" bpelCondition="bpws:getVariableData('assignForm_b62111111111_taskChangeRecieveMessage', 'processInstanceId')=&quot;1&quot;">
      <bpel/>
    </connection>
  </block>
  <block id="b62111111111111" left="731" top="213" width="70" height="50" type="processLog" caption=" ثبت سابقه عدم موافقت مرخصی " lock="false" zindex="1001" cap-pos="outside">
    <bpel/>
    <connection ref="b621111111111111" output="2" input="1" type="none-arrow">
      <bpel/>
    </connection>
  </block>
  <block id="b621111111111111" left="866" top="219" width="37" height="37" type="messageend" caption="پایان" lock="false" zindex="1001" cap-pos="outside">
    <bpel/>
  </block>
  <block id="b6211111111111111" left="884" top="394" width="70" height="50" type="processLog" caption=" ثبت سابقه نهایی مرخصی&amp;nbsp; " lock="false" zindex="1001" cap-pos="outside">
    <bpel/>
    <connection ref="b621111111111111111" output="2" input="1" type="none-arrow">
      <bpel/>
    </connection>
  </block>
  <block id="b62111111111111111" left="739" top="394" width="70" height="50" type="sendEmail" caption=" ارسال پیام تایید مرخصی به کاربر " lock="false" zindex="1001" cap-pos="outside">
    <bpel/>
    <connection ref="b6211111111111111" output="2" input="1" type="none-arrow">
      <bpel/>
    </connection>
  </block>
  <block id="b621111111111111111" left="1038" top="400" width="36" height="36" type="emptyend" caption="پایان" lock="false" zindex="1001" cap-pos="outside">
    <bpel/>
  </block>
</flowchart>