<?xml version="1.0"?>
<?xml-stylesheet href="/dre/client/_transformer.xsl" type="text/xsl"?>
<zino xmlns="http://ns.partia.com/zino"
	  xmlns:zino="http://ns.partia.com/zino"
	  xmlns:html="http://www.w3.org/1999/xhtml"
	  xmlns:ws="http://ns.partia.com/zinox/xml/ws"
      xmlns:bpel="http://docs.oasis-open.org/wsbpel/2.0/process/executable">
    <head>
        <title>BPEL Designer Example | The Diyox Runtime Environment 1.0</title>
        <load-message>Loading Diyox Runtime Environment 1.0... </load-message>
    </head>
    <config id="defaultTheme" value="dario"/>
	<config id="defaultCulture" value="en-US"/>
    <import ns="zinox.ui.controls.Form" />
    <import ns="zinox.ui.controls.FileBoxGroup" />
    <import ns="zinox.ui.controls.DataForm" />
    <import ns="zinox.ui.controls.Label" />
    <import ns="zinox.ui.Icon" />
    <import ns="zinox.ui.controls.Wysiwyg" />
    
    
    <refrence ns="com" url="/dre/DX-INF/classes/cdk/com/" />    

    <zino:form object="_lForm">
    	<wysiwyg id="w" />
     	</zino:form>
	
</zino>