<template>
	<element type="bpd_start" picture="scripts/bpmnflow/shapes/oracle/start.png" dwidth="35" dheight="34">
        <input x="18" y="34" position="bottom" name="1"></input>
        <output x="0" y="34" position="bottom" name="2"></output>
    </element>
    <element type="bpd_end" picture="scripts/bpmnflow/shapes/oracle/end.png" dwidth="35" dheight="34">
        <input x="18" y="0" position="top" name="1"></input>
    </element>
    
    <!-- Activities -->
    <element type="description" picture="scripts/bpmnflow/shapes/oracle/Activities/automatic.png" dwidth="70" dheight="50">
        <input x="0" y="25" position="left" name="1"></input>
        <input x="70" y="25" position="right" name="2"></input>
    </element>    
    <element type="assignDocument" picture="scripts/bpmnflow/shapes/oracle/Activities/globalcreation.png" dwidth="70" dheight="50">
        <input x="0" y="25" position="left" name="1"></input>
        <input x="70" y="25" position="right" name="2"></input>
    </element>
    <element type="assignTask" picture="scripts/bpmnflow/shapes/oracle/Activities/interactive.png" dwidth="70" dheight="50">
        <input x="0" y="25" position="left" name="1"></input>
        <input x="70" y="25" position="right" name="2"></input>
    </element>
    <element type="assignForm" picture="scripts/bpmnflow/shapes/oracle/Activities/decision.png" dwidth="70" dheight="50">
        <input x="0" y="25" position="left" name="1"></input>
        <input x="70" y="25" position="right" name="2"></input>
    </element>
    <element type="dataHandler" picture="scripts/bpmnflow/shapes/oracle/Activities/grab.png" dwidth="70" dheight="50">
        <input x="0" y="25" position="left" name="1"></input>
        <input x="70" y="25" position="right" name="2"></input>
    </element>
    <element type="sendEmail" picture="scripts/bpmnflow/shapes/oracle/Activities/globalinteractive.png" dwidth="70" dheight="50">
        <input x="0" y="25" position="left" name="1"></input>
        <input x="70" y="25" position="right" name="2"></input>
    </element>
    <element type="writeToFile" picture="scripts/bpmnflow/shapes/oracle/Activities/processcreation.png" dwidth="70" dheight="50">
        <input x="0" y="25" position="left" name="1"></input>
        <input x="70" y="25" position="right" name="2"></input>
    </element>
    <element type="processLog" picture="scripts/bpmnflow/shapes/oracle/Activities/terminationwait.png" dwidth="70" dheight="50">
        <input x="0" y="25" position="left" name="1"></input>
        <input x="70" y="25" position="right" name="2"></input>
    </element>
    <element type="documentManagement" picture="scripts/bpmnflow/shapes/oracle/Activities/subflow.png" dwidth="70" dheight="50">
        <input x="0" y="25" position="left" name="1"></input>
        <input x="70" y="25" position="right" name="2"></input>
    </element>
    <element type="compositeActivity" picture="scripts/bpmnflow/shapes/oracle/Activities/group.png" dwidth="70" dheight="50">
        <input x="0" y="25" position="left" name="1"></input>
        <input x="70" y="25" position="right" name="2"></input>
    </element>
    
    <!-- Gatewayes -->
    <element type="conditional" picture="scripts/bpmnflow/shapes/oracle/Gateways/conditional.png" dwidth="42" dheight="42">
        <input x="0" y="21" position="left" name="1"></input>
        <input x="42" y="21" position="right" name="2"></input>
        <input x="21" y="0" position="top" name="3"></input>
        <input x="21" y="42" position="bottom" name="4"></input>
    </element>
    <element type="parallel" picture="scripts/bpmnflow/shapes/oracle/Gateways/split.png" dwidth="42" dheight="42">
        <input x="0" y="21" position="left" name="1"></input>
        <input x="42" y="21" position="right" name="2"></input>
        <input x="21" y="0" position="top" name="3"></input>
        <input x="21" y="42" position="bottom" name="4"></input>
    </element>
    
    <!-- Events -->
    <element type="emptystart" picture="scripts/bpmnflow/shapes/oracle/start.png" dwidth="35" dheight="34">
        <input x="35" y="17" position="right" name="1"></input>
        <output x="0" y="17" position="left" name="2"></output>
    </element>
    <element type="messagestart" picture="scripts/bpmnflow/shapes/oracle/Events/messagewait.png" dwidth="37" dheight="37">
        <input x="37" y="19" position="right" name="1"></input>
    </element>
    
    <element type="emptyend" picture="scripts/bpmnflow/shapes/oracle/end.png" dwidth="36" dheight="36">
        <input x="0" y="18" position="left" name="1"></input>
    </element>
    <element type="messageend" picture="scripts/bpmnflow/shapes/oracle/Events/sendmessage.png" dwidth="37" dheight="37">
        <input x="0" y="19" position="left" name="1"></input>
    </element>
</template>