<template>
  <element type="start_hor" picture="scripts/eappflow/shapes/start.png" dwidth="33" dheight="33">
    <input x="33" y="17" position="right" name="1"></input>
  </element>
  <element type="start_ver" picture="scripts/eappflow/shapes/start.png" dwidth="33" dheight="33">
    <input x="17" y="33" position="bottom" name="1"></input>
  </element>

  <element type="msgstart_hor" picture="scripts/eappflow/shapes/msgstart.png" dwidth="33" dheight="33">
    <input x="33" y="17" position="right" name="1"></input>
  </element>
  <element type="msgstart_ver" picture="scripts/eappflow/shapes/msgstart.png" dwidth="33" dheight="33">
    <input x="17" y="33" position="bottom" name="1"></input>
  </element>

  <element type="end_hor" picture="scripts/eappflow/shapes/end.png" dwidth="33" dheight="33">
    <input x="0" y="17" position="left" name="1"></input>
  </element>
  <element type="end_ver" picture="scripts/eappflow/shapes/end.png" dwidth="33" dheight="33">
    <input x="17" y="0" position="top" name="1"></input>
  </element>
  
  <element type="msgend_hor" picture="scripts/eappflow/shapes/msgend.png" dwidth="33" dheight="33">
    <input x="0" y="17" position="left" name="1"></input>
  </element>
  <element type="msgend_ver" picture="scripts/eappflow/shapes/msgend.png" dwidth="33" dheight="33">
    <input x="17" y="0" position="top" name="1"></input>
  </element>

  <element type="DecisionTask_hor" picture="scripts/eappflow/shapes/decisiontask-transparent-sh.png" dwidth="140" dheight="63">
    <input x="0" y="31" position="left" name="1"></input>
    <input x="135" y="31" position="right" name="2"></input>
    <input x="113" y="10" position="right" name="3"></input>
    <input x="113" y="52" position="right" name="4"></input>
  </element>
</template>