<template>
  <element type="eStart" picture="scripts/eappflow/shapes/start-trans.gif" dwidth="35" dheight="36">
    <input x="17" y="33" position="bottom" name="1"></input>
  </element>
  
  <element type="eEnd" picture="scripts/eappflow/shapes/end-trans.gif" dwidth="35" dheight="35">
    <input x="17" y="0" position="top" name="1"></input>
  </element>
  
  <element type="eActivity" picture="scripts/eappflow/shapes/task-transparent.png" dwidth="93" dheight="63" >
    <input x="46" y="0" position="top" name="1"></input>
    <input x="46" y="63" position="bottom" name="4"></input>
  </element>
  
  <element type="eDecisionActivity" picture="scripts/eappflow/shapes/decisiontask-trans-ver.gif" dwidth="93" dheight="105">
    <input x="46" y="0" position="top" name="1"></input>
    <input x="68" y="83" position="bottom" name="2"></input>
    <input x="24" y="83" position="bottom" name="3"></input>
    <input x="46" y="105" position="bottom" name="4"></input>
  </element>
  <element type="eDecision" picture="scripts/eappflow/shapes/decision-trans.gif" dwidth="43" dheight="43">
    <input x="21" y="-1" position="top" name="1"></input>
    <input x="21" y="44" position="bottom" name="2"></input>
    <input x="-1" y="22" position="left" name="3"></input>
    <input x="44" y="22" position="right" name="4"></input>
  </element>
</template>