<?xml version="1.0" encoding="utf-8"?>
<cultures xmlns="http://ns.partia.com/zino">
	<item>
		<id>0x007F</id>
		<cmp>127</cmp>
		<type>S, F</type>
		<displayname>Invariant Language (Invariant Country)</displayname>
		<eng>Invariant Language (Invariant Country)</eng>
		<ietfl></ietfl>
		<isnc>false</isnc>
		<key>127</key>
		<lcid>127</lcid>
		<name></name>
		<nativename>Invariant Language (Invariant Country)</nativename>
		<parent></parent>
		<threeiso>IVL</threeiso>
		<threewin>IVL</threewin>
		<twowin>iv</twowin>
	</item>
	<item><id>0x0036</id><cmp>54</cmp><type>N, F</type><displayname>Afrikaans</displayname><eng>Afrikaans</eng><ietfl>af</ietfl><isnc>true</isnc><key>1078</key><lcid>54</lcid><name>af</name><nativename>Afrikaans</nativename><parent></parent><threeiso>afr</threeiso><threewin>AFK</threewin><twowin>af</twowin></item>
	<item><id>0x0436</id><cmp>1078</cmp><type>S, I, F</type><displayname>Afrikaans (South Africa)</displayname><eng>Afrikaans (South Africa)</eng><ietfl>af-ZA</ietfl><isnc>false</isnc><key>1078</key><lcid>1078</lcid><name>af-ZA</name><nativename>Afrikaans (Suid Afrika)</nativename><parent>af</parent><threeiso>afr</threeiso><threewin>AFK</threewin><twowin>af</twowin></item>
	<item><id>0x001C</id><cmp>28</cmp><type>N, F</type><displayname>Albanian</displayname><eng>Albanian</eng><ietfl>sq</ietfl><isnc>true</isnc><key>1052</key><lcid>28</lcid><name>sq</name><nativename>shqipe</nativename><parent></parent><threeiso>sqi</threeiso><threewin>SQI</threewin><twowin>sq</twowin></item>
	<item><id>0x041C</id><cmp>1052</cmp><type>S, I, F</type><displayname>Albanian (Albania)</displayname><eng>Albanian (Albania)</eng><ietfl>sq-AL</ietfl><isnc>false</isnc><key>1052</key><lcid>1052</lcid><name>sq-AL</name><nativename>shqipe (Shqipëria)</nativename><parent>sq</parent><threeiso>sqi</threeiso><threewin>SQI</threewin><twowin>sq</twowin></item>
	<item><id>0x0001</id><cmp>1</cmp><type>N, F</type><displayname>Arabic</displayname><eng>Arabic</eng><ietfl>ar</ietfl><isnc>true</isnc><key>1025</key><lcid>1</lcid><name>ar</name><nativename>العربية</nativename><parent></parent><threeiso>ara</threeiso><threewin>ARA</threewin><twowin>ar</twowin></item>
	<item><id>0x1401</id><cmp>5121</cmp><type>S, I, F</type><displayname>Arabic (Algeria)</displayname><eng>Arabic (Algeria)</eng><ietfl>ar-DZ</ietfl><isnc>false</isnc><key>5121</key><lcid>5121</lcid><name>ar-DZ</name><nativename>العربية (الجزائر)</nativename><parent>ar</parent><threeiso>ara</threeiso><threewin>ARG</threewin><twowin>ar</twowin></item>
	<item><id>0x3C01</id><cmp>15361</cmp><type>S, I, F</type><displayname>Arabic (Bahrain)</displayname><eng>Arabic (Bahrain)</eng><ietfl>ar-BH</ietfl><isnc>false</isnc><key>15361</key><lcid>15361</lcid><name>ar-BH</name><nativename>العربية (البحرين)</nativename><parent>ar</parent><threeiso>ara</threeiso><threewin>ARH</threewin><twowin>ar</twowin></item>
	<item><id>0x0C01</id><cmp>3073</cmp><type>S, I, F</type><displayname>Arabic (Egypt)</displayname><eng>Arabic (Egypt)</eng><ietfl>ar-EG</ietfl><isnc>false</isnc><key>3073</key><lcid>3073</lcid><name>ar-EG</name><nativename>العربية (مصر)</nativename><parent>ar</parent><threeiso>ara</threeiso><threewin>ARE</threewin><twowin>ar</twowin></item>
	<item><id>0x0801</id><cmp>2049</cmp><type>S, I, F</type><displayname>Arabic (Iraq)</displayname><eng>Arabic (Iraq)</eng><ietfl>ar-IQ</ietfl><isnc>false</isnc><key>2049</key><lcid>2049</lcid><name>ar-IQ</name><nativename>العربية (العراق)</nativename><parent>ar</parent><threeiso>ara</threeiso><threewin>ARI</threewin><twowin>ar</twowin></item>
	<item><id>0x2C01</id><cmp>11265</cmp><type>S, I, F</type><displayname>Arabic (Jordan)</displayname><eng>Arabic (Jordan)</eng><ietfl>ar-JO</ietfl><isnc>false</isnc><key>11265</key><lcid>11265</lcid><name>ar-JO</name><nativename>العربية (الأردن)</nativename><parent>ar</parent><threeiso>ara</threeiso><threewin>ARJ</threewin><twowin>ar</twowin></item>
	<item><id>0x3401</id><cmp>13313</cmp><type>S, I, F</type><displayname>Arabic (Kuwait)</displayname><eng>Arabic (Kuwait)</eng><ietfl>ar-KW</ietfl><isnc>false</isnc><key>13313</key><lcid>13313</lcid><name>ar-KW</name><nativename>العربية (الكويت)</nativename><parent>ar</parent><threeiso>ara</threeiso><threewin>ARK</threewin><twowin>ar</twowin></item>
	<item><id>0x3001</id><cmp>12289</cmp><type>S, I, F</type><displayname>Arabic (Lebanon)</displayname><eng>Arabic (Lebanon)</eng><ietfl>ar-LB</ietfl><isnc>false</isnc><key>12289</key><lcid>12289</lcid><name>ar-LB</name><nativename>العربية (لبنان)</nativename><parent>ar</parent><threeiso>ara</threeiso><threewin>ARB</threewin><twowin>ar</twowin></item>
	<item><id>0x1001</id><cmp>4097</cmp><type>S, I, F</type><displayname>Arabic (Libya)</displayname><eng>Arabic (Libya)</eng><ietfl>ar-LY</ietfl><isnc>false</isnc><key>4097</key><lcid>4097</lcid><name>ar-LY</name><nativename>العربية (ليبيا)</nativename><parent>ar</parent><threeiso>ara</threeiso><threewin>ARL</threewin><twowin>ar</twowin></item>
	<item><id>0x1801</id><cmp>6145</cmp><type>S, I, F</type><displayname>Arabic (Morocco)</displayname><eng>Arabic (Morocco)</eng><ietfl>ar-MA</ietfl><isnc>false</isnc><key>6145</key><lcid>6145</lcid><name>ar-MA</name><nativename>العربية (الملكة المغربية)</nativename><parent>ar</parent><threeiso>ara</threeiso><threewin>ARM</threewin><twowin>ar</twowin></item>
	<item><id>0x2001</id><cmp>8193</cmp><type>S, I, F</type><displayname>Arabic (Oman)</displayname><eng>Arabic (Oman)</eng><ietfl>ar-OM</ietfl><isnc>false</isnc><key>8193</key><lcid>8193</lcid><name>ar-OM</name><nativename>العربية (عمان)</nativename><parent>ar</parent><threeiso>ara</threeiso><threewin>ARO</threewin><twowin>ar</twowin></item>
	<item><id>0x4001</id><cmp>16385</cmp><type>S, I, F</type><displayname>Arabic (Qatar)</displayname><eng>Arabic (Qatar)</eng><ietfl>ar-QA</ietfl><isnc>false</isnc><key>16385</key><lcid>16385</lcid><name>ar-QA</name><nativename>العربية (قطر)</nativename><parent>ar</parent><threeiso>ara</threeiso><threewin>ARQ</threewin><twowin>ar</twowin></item>
	<item><id>0x0401</id><cmp>1025</cmp><type>S, I, F</type><displayname>Arabic (Saudi Arabia)</displayname><eng>Arabic (Saudi Arabia)</eng><ietfl>ar-SA</ietfl><isnc>false</isnc><key>1025</key><lcid>1025</lcid><name>ar-SA</name><nativename>العربية (الملكة العربية السعودية)</nativename><parent>ar</parent><threeiso>ara</threeiso><threewin>ARA</threewin><twowin>ar</twowin></item>
	<item><id>0x2801</id><cmp>10241</cmp><type>S, I, F</type><displayname>Arabic (Syria)</displayname><eng>Arabic (Syria)</eng><ietfl>ar-SY</ietfl><isnc>false</isnc><key>10241</key><lcid>10241</lcid><name>ar-SY</name><nativename>العربية (سوريا)</nativename><parent>ar</parent><threeiso>ara</threeiso><threewin>ARS</threewin><twowin>ar</twowin></item>
	<item><id>0x1C01</id><cmp>7169</cmp><type>S, I, F</type><displayname>Arabic (Tunisia)</displayname><eng>Arabic (Tunisia)</eng><ietfl>ar-TN</ietfl><isnc>false</isnc><key>7169</key><lcid>7169</lcid><name>ar-TN</name><nativename>العربية (تونس)</nativename><parent>ar</parent><threeiso>ara</threeiso><threewin>ART</threewin><twowin>ar</twowin></item>
	<item><id>0x3801</id><cmp>14337</cmp><type>S, I, F</type><displayname>Arabic (U.A.E.)</displayname><eng>Arabic (U.A.E.)</eng><ietfl>ar-AE</ietfl><isnc>false</isnc><key>14337</key><lcid>14337</lcid><name>ar-AE</name><nativename>العربية (الإمارات العربية المتحدة)</nativename><parent>ar</parent><threeiso>ara</threeiso><threewin>ARU</threewin><twowin>ar</twowin></item>
	<item><id>0x2401</id><cmp>9217</cmp><type>S, I, F</type><displayname>Arabic (Yemen)</displayname><eng>Arabic (Yemen)</eng><ietfl>ar-YE</ietfl><isnc>false</isnc><key>9217</key><lcid>9217</lcid><name>ar-YE</name><nativename>العربية (اليمن)</nativename><parent>ar</parent><threeiso>ara</threeiso><threewin>ARY</threewin><twowin>ar</twowin></item>
	<item><id>0x002B</id><cmp>43</cmp><type>N, F</type><displayname>Armenian</displayname><eng>Armenian</eng><ietfl>hy</ietfl><isnc>true</isnc><key>1067</key><lcid>43</lcid><name>hy</name><nativename>Հայերեն</nativename><parent></parent><threeiso>hye</threeiso><threewin>HYE</threewin><twowin>hy</twowin></item>
	<item><id>0x042B</id><cmp>1067</cmp><type>S, I, F</type><displayname>Armenian (Armenia)</displayname><eng>Armenian (Armenia)</eng><ietfl>hy-AM</ietfl><isnc>false</isnc><key>1067</key><lcid>1067</lcid><name>hy-AM</name><nativename>Հայերեն (Հայաստան)</nativename><parent>hy</parent><threeiso>hye</threeiso><threewin>HYE</threewin><twowin>hy</twowin></item>
	<item><id>0x002C</id><cmp>44</cmp><type>N, F</type><displayname>Azeri</displayname><eng>Azeri</eng><ietfl>az</ietfl><isnc>true</isnc><key>1068</key><lcid>44</lcid><name>az</name><nativename>Azərbaycan­ılı</nativename><parent></parent><threeiso>aze</threeiso><threewin>AZE</threewin><twowin>az</twowin></item>
	<item><id>0x082C</id><cmp>2092</cmp><type>S, I, F</type><displayname>Azeri (Cyrillic, Azerbaijan)</displayname><eng>Azeri (Cyrillic, Azerbaijan)</eng><ietfl>az-Cyrl-AZ</ietfl><isnc>false</isnc><key>2092</key><lcid>2092</lcid><name>az-AZ-Cyrl</name><nativename>Азәрбајҹан (Азәрбајҹан)</nativename><parent>az</parent><threeiso>aze</threeiso><threewin>AZE</threewin><twowin>az</twowin></item>
	<item><id>0x042C</id><cmp>1068</cmp><type>S, I, F</type><displayname>Azeri (Latin, Azerbaijan)</displayname><eng>Azeri (Latin, Azerbaijan)</eng><ietfl>az-Latn-AZ</ietfl><isnc>false</isnc><key>1068</key><lcid>1068</lcid><name>az-AZ-Latn</name><nativename>Azərbaycan­ılı (Azərbaycanca)</nativename><parent>az</parent><threeiso>aze</threeiso><threewin>AZE</threewin><twowin>az</twowin></item>
	<item><id>0x002D</id><cmp>45</cmp><type>N, F</type><displayname>Basque</displayname><eng>Basque</eng><ietfl>eu</ietfl><isnc>true</isnc><key>1069</key><lcid>45</lcid><name>eu</name><nativename>euskara</nativename><parent></parent><threeiso>eus</threeiso><threewin>EUQ</threewin><twowin>eu</twowin></item>
	<item><id>0x042D</id><cmp>1069</cmp><type>S, I, F</type><displayname>Basque (Basque)</displayname><eng>Basque (Basque)</eng><ietfl>eu-ES</ietfl><isnc>false</isnc><key>1069</key><lcid>1069</lcid><name>eu-ES</name><nativename>euskara (euskara)</nativename><parent>eu</parent><threeiso>eus</threeiso><threewin>EUQ</threewin><twowin>eu</twowin></item>
	<item><id>0x0023</id><cmp>35</cmp><type>N, F</type><displayname>Belarusian</displayname><eng>Belarusian</eng><ietfl>be</ietfl><isnc>true</isnc><key>1059</key><lcid>35</lcid><name>be</name><nativename>Беларускі</nativename><parent></parent><threeiso>bel</threeiso><threewin>BEL</threewin><twowin>be</twowin></item>
	<item><id>0x0423</id><cmp>1059</cmp><type>S, I, F</type><displayname>Belarusian (Belarus)</displayname><eng>Belarusian (Belarus)</eng><ietfl>be-BY</ietfl><isnc>false</isnc><key>1059</key><lcid>1059</lcid><name>be-BY</name><nativename>Беларускі (Беларусь)</nativename><parent>be</parent><threeiso>bel</threeiso><threewin>BEL</threewin><twowin>be</twowin></item>
	<item><id>0x0002</id><cmp>2</cmp><type>N, F</type><displayname>Bulgarian</displayname><eng>Bulgarian</eng><ietfl>bg</ietfl><isnc>true</isnc><key>1026</key><lcid>2</lcid><name>bg</name><nativename>български</nativename><parent></parent><threeiso>bul</threeiso><threewin>BGR</threewin><twowin>bg</twowin></item>
	<item><id>0x0402</id><cmp>1026</cmp><type>S, I, F</type><displayname>Bulgarian (Bulgaria)</displayname><eng>Bulgarian (Bulgaria)</eng><ietfl>bg-BG</ietfl><isnc>false</isnc><key>1026</key><lcid>1026</lcid><name>bg-BG</name><nativename>български (България)</nativename><parent>bg</parent><threeiso>bul</threeiso><threewin>BGR</threewin><twowin>bg</twowin></item>
	<item><id>0x0003</id><cmp>3</cmp><type>N, F</type><displayname>Catalan</displayname><eng>Catalan</eng><ietfl>ca</ietfl><isnc>true</isnc><key>1027</key><lcid>3</lcid><name>ca</name><nativename>català</nativename><parent></parent><threeiso>cat</threeiso><threewin>CAT</threewin><twowin>ca</twowin></item>
	<item><id>0x0403</id><cmp>1027</cmp><type>S, I, F</type><displayname>Catalan (Catalan)</displayname><eng>Catalan (Catalan)</eng><ietfl>ca-ES</ietfl><isnc>false</isnc><key>1027</key><lcid>1027</lcid><name>ca-ES</name><nativename>català (català)</nativename><parent>ca</parent><threeiso>cat</threeiso><threewin>CAT</threewin><twowin>ca</twowin></item>
	<item><id>0x0C04</id><cmp>3076</cmp><type>S, F</type><displayname>Chinese (Hong Kong S.A.R.)</displayname><eng>Chinese (Hong Kong S.A.R.)</eng><ietfl>zh-HK</ietfl><isnc>false</isnc><key>3076</key><lcid>3076</lcid><name>zh-HK</name><nativename>中文(香港特别行政區)</nativename><parent>zh-CHT</parent><threeiso>zho</threeiso><threewin>ZHH</threewin><twowin>zh</twowin></item>
	<item><id>0x1404</id><cmp>5124</cmp><type>S, F</type><displayname>Chinese (Macao S.A.R.)</displayname><eng>Chinese (Macao S.A.R.)</eng><ietfl>zh-MO</ietfl><isnc>false</isnc><key>5124</key><lcid>5124</lcid><name>zh-MO</name><nativename>中文(澳門特别行政區)</nativename><parent>zh-CHT</parent><threeiso>zho</threeiso><threewin>ZHM</threewin><twowin>zh</twowin></item>
	<item><id>0x0804</id><cmp>2052</cmp><type>S, F</type><displayname>Chinese (People's Republic of China)</displayname><eng>Chinese (People's Republic of China)</eng><ietfl>zh-CN</ietfl><isnc>false</isnc><key>2052</key><lcid>2052</lcid><name>zh-CN</name><nativename>中文(中华人民共和国)</nativename><parent>zh-CHS</parent><threeiso>zho</threeiso><threewin>CHS</threewin><twowin>zh</twowin></item>
	<item><id>0x0004</id><cmp>4</cmp><type>N, F</type><displayname>Chinese (Simplified)</displayname><eng>Chinese (Simplified)</eng><ietfl>zh-Hans</ietfl><isnc>true</isnc><key>2052</key><lcid>4</lcid><name>zh-CHS</name><nativename>中文(简体)</nativename><parent></parent><threeiso>zho</threeiso><threewin>CHS</threewin><twowin>zh</twowin></item>
	<item><id>0x1004</id><cmp>4100</cmp><type>S, F</type><displayname>Chinese (Singapore)</displayname><eng>Chinese (Singapore)</eng><ietfl>zh-SG</ietfl><isnc>false</isnc><key>4100</key><lcid>4100</lcid><name>zh-SG</name><nativename>中文(新加坡)</nativename><parent>zh-CHS</parent><threeiso>zho</threeiso><threewin>ZHI</threewin><twowin>zh</twowin></item>
	<item><id>0x0404</id><cmp>1028</cmp><type>S, F</type><displayname>Chinese (Taiwan)</displayname><eng>Chinese (Taiwan)</eng><ietfl>zh-TW</ietfl><isnc>false</isnc><key>1028</key><lcid>1028</lcid><name>zh-TW</name><nativename>中文(台灣)</nativename><parent>zh-CHT</parent><threeiso>zho</threeiso><threewin>CHT</threewin><twowin>zh</twowin></item>
	<item><id>0x7C04</id><cmp>31748</cmp><type>N, F</type><displayname>Chinese (Traditional)</displayname><eng>Chinese (Traditional)</eng><ietfl>zh-Hant</ietfl><isnc>true</isnc><key>1028</key><lcid>31748</lcid><name>zh-CHT</name><nativename>中文(繁體)</nativename><parent></parent><threeiso>zho</threeiso><threewin>CHT</threewin><twowin>zh</twowin></item>
	<item><id>0x001A</id><cmp>26</cmp><type>N, F</type><displayname>Croatian</displayname><eng>Croatian</eng><ietfl>hr</ietfl><isnc>true</isnc><key>1050</key><lcid>26</lcid><name>hr</name><nativename>hrvatski</nativename><parent></parent><threeiso>hrv</threeiso><threewin>HRV</threewin><twowin>hr</twowin></item>
	<item><id>0x041A</id><cmp>1050</cmp><type>S, I, F</type><displayname>Croatian (Croatia)</displayname><eng>Croatian (Croatia)</eng><ietfl>hr-HR</ietfl><isnc>false</isnc><key>1050</key><lcid>1050</lcid><name>hr-HR</name><nativename>hrvatski (Hrvatska)</nativename><parent>hr</parent><threeiso>hrv</threeiso><threewin>HRV</threewin><twowin>hr</twowin></item>
	<item><id>0x0005</id><cmp>5</cmp><type>N, F</type><displayname>Czech</displayname><eng>Czech</eng><ietfl>cs</ietfl><isnc>true</isnc><key>1029</key><lcid>5</lcid><name>cs</name><nativename>čeština</nativename><parent></parent><threeiso>ces</threeiso><threewin>CSY</threewin><twowin>cs</twowin></item>
	<item><id>0x0405</id><cmp>1029</cmp><type>S, I, F</type><displayname>Czech (Czech Republic)</displayname><eng>Czech (Czech Republic)</eng><ietfl>cs-CZ</ietfl><isnc>false</isnc><key>1029</key><lcid>1029</lcid><name>cs-CZ</name><nativename>čeština (Česká republika)</nativename><parent>cs</parent><threeiso>ces</threeiso><threewin>CSY</threewin><twowin>cs</twowin></item>
	<item><id>0x0006</id><cmp>6</cmp><type>N, F</type><displayname>Danish</displayname><eng>Danish</eng><ietfl>da</ietfl><isnc>true</isnc><key>1030</key><lcid>6</lcid><name>da</name><nativename>dansk</nativename><parent></parent><threeiso>dan</threeiso><threewin>DAN</threewin><twowin>da</twowin></item>
	<item><id>0x0406</id><cmp>1030</cmp><type>S, I, F</type><displayname>Danish (Denmark)</displayname><eng>Danish (Denmark)</eng><ietfl>da-DK</ietfl><isnc>false</isnc><key>1030</key><lcid>1030</lcid><name>da-DK</name><nativename>dansk (Danmark)</nativename><parent>da</parent><threeiso>dan</threeiso><threewin>DAN</threewin><twowin>da</twowin></item>
	<item><id>0x0065</id><cmp>101</cmp><type>N, F</type><displayname>Divehi</displayname><eng>Divehi</eng><ietfl>div</ietfl><isnc>true</isnc><key>1125</key><lcid>101</lcid><name>div</name><nativename>ދިވެހިބަސް</nativename><parent></parent><threeiso>div</threeiso><threewin>DIV</threewin><twowin>div</twowin></item>
	<item><id>0x0465</id><cmp>1125</cmp><type>S, I, F</type><displayname>Divehi (Maldives)</displayname><eng>Divehi (Maldives)</eng><ietfl>div-MV</ietfl><isnc>false</isnc><key>1125</key><lcid>1125</lcid><name>div-MV</name><nativename>ދިވެހިބަސް (ދިވެހި ރާއްޖެ)</nativename><parent>div</parent><threeiso>div</threeiso><threewin>DIV</threewin><twowin>div</twowin></item>
	<item><id>0x0013</id><cmp>19</cmp><type>N, F</type><displayname>Dutch</displayname><eng>Dutch</eng><ietfl>nl</ietfl><isnc>true</isnc><key>1043</key><lcid>19</lcid><name>nl</name><nativename>Nederlands</nativename><parent></parent><threeiso>nld</threeiso><threewin>NLD</threewin><twowin>nl</twowin></item>
	<item><id>0x0813</id><cmp>2067</cmp><type>S, I, F</type><displayname>Dutch (Belgium)</displayname><eng>Dutch (Belgium)</eng><ietfl>nl-BE</ietfl><isnc>false</isnc><key>2067</key><lcid>2067</lcid><name>nl-BE</name><nativename>Nederlands (België)</nativename><parent>nl</parent><threeiso>nld</threeiso><threewin>NLB</threewin><twowin>nl</twowin></item>
	<item><id>0x0413</id><cmp>1043</cmp><type>S, I, F</type><displayname>Dutch (Netherlands)</displayname><eng>Dutch (Netherlands)</eng><ietfl>nl-NL</ietfl><isnc>false</isnc><key>1043</key><lcid>1043</lcid><name>nl-NL</name><nativename>Nederlands (Nederland)</nativename><parent>nl</parent><threeiso>nld</threeiso><threewin>NLD</threewin><twowin>nl</twowin></item>
	<item>
	<id>0x0009</id>
	<cmp>9</cmp>
	<type>N, F</type>
	<displayname>English</displayname>
	<eng>English</eng>
	<ietfl>en</ietfl>
	<isnc>true</isnc>
	<key>1033</key>
	<lcid>9</lcid>
	<name>en</name>
	<nativename>English</nativename>
	<parent></parent>
	<threeiso>eng</threeiso>
	<threewin>ENU</threewin>
	<twowin>en</twowin>
	</item>
	<item><id>0x0C09</id><cmp>3081</cmp><type>S, I, F</type><displayname>English (Australia)</displayname><eng>English (Australia)</eng><ietfl>en-AU</ietfl><isnc>false</isnc><key>3081</key><lcid>3081</lcid><name>en-AU</name><nativename>English (Australia)</nativename><parent>en</parent><threeiso>eng</threeiso><threewin>ENA</threewin><twowin>en</twowin></item>
	<item><id>0x2809</id><cmp>10249</cmp><type>S, I, F</type><displayname>English (Belize)</displayname><eng>English (Belize)</eng><ietfl>en-BZ</ietfl><isnc>false</isnc><key>10249</key><lcid>10249</lcid><name>en-BZ</name><nativename>English (Belize)</nativename><parent>en</parent><threeiso>eng</threeiso><threewin>ENL</threewin><twowin>en</twowin></item>
	<item><id>0x1009</id><cmp>4105</cmp><type>S, I, F</type><displayname>English (Canada)</displayname><eng>English (Canada)</eng><ietfl>en-CA</ietfl><isnc>false</isnc><key>4105</key><lcid>4105</lcid><name>en-CA</name><nativename>English (Canada)</nativename><parent>en</parent><threeiso>eng</threeiso><threewin>ENC</threewin><twowin>en</twowin></item>
	<item><id>0x2409</id><cmp>9225</cmp><type>S, I, F</type><displayname>English (Caribbean)</displayname><eng>English (Caribbean)</eng><ietfl>en-029</ietfl><isnc>false</isnc><key>9225</key><lcid>9225</lcid><name>en-CB</name><nativename>English (Caribbean)</nativename><parent>en</parent><threeiso>eng</threeiso><threewin>ENB</threewin><twowin>en</twowin></item>
	<item><id>0x1809</id><cmp>6153</cmp><type>S, I, F</type><displayname>English (Ireland)</displayname><eng>English (Ireland)</eng><ietfl>en-IE</ietfl><isnc>false</isnc><key>6153</key><lcid>6153</lcid><name>en-IE</name><nativename>English (Eire)</nativename><parent>en</parent><threeiso>eng</threeiso><threewin>ENI</threewin><twowin>en</twowin></item>
	<item><id>0x2009</id><cmp>8201</cmp><type>S, I, F</type><displayname>English (Zinoica)</displayname><eng>English (Zinoica)</eng><ietfl>en-JM</ietfl><isnc>false</isnc><key>8201</key><lcid>8201</lcid><name>en-JM</name><nativename>English (Zinoica)</nativename><parent>en</parent><threeiso>eng</threeiso><threewin>ENJ</threewin><twowin>en</twowin></item>
	<item><id>0x1409</id><cmp>5129</cmp><type>S, I, F</type><displayname>English (New Zealand)</displayname><eng>English (New Zealand)</eng><ietfl>en-NZ</ietfl><isnc>false</isnc><key>5129</key><lcid>5129</lcid><name>en-NZ</name><nativename>English (New Zealand)</nativename><parent>en</parent><threeiso>eng</threeiso><threewin>ENZ</threewin><twowin>en</twowin></item>
	<item><id>0x3409</id><cmp>13321</cmp><type>S, I, F</type><displayname>English (Republic of the Philippines)</displayname><eng>English (Republic of the Philippines)</eng><ietfl>en-PH</ietfl><isnc>false</isnc><key>13321</key><lcid>13321</lcid><name>en-PH</name><nativename>English (Philippines)</nativename><parent>en</parent><threeiso>eng</threeiso><threewin>ENP</threewin><twowin>en</twowin></item>
	<item><id>0x1C09</id><cmp>7177</cmp><type>S, I, F</type><displayname>English (South Africa)</displayname><eng>English (South Africa)</eng><ietfl>en-ZA</ietfl><isnc>false</isnc><key>7177</key><lcid>7177</lcid><name>en-ZA</name><nativename>English (South Africa)</nativename><parent>en</parent><threeiso>eng</threeiso><threewin>ENS</threewin><twowin>en</twowin></item>
	<item><id>0x2C09</id><cmp>11273</cmp><type>S, I, F</type><displayname>English (Trinidad and Tobago)</displayname><eng>English (Trinidad and Tobago)</eng><ietfl>en-TT</ietfl><isnc>false</isnc><key>11273</key><lcid>11273</lcid><name>en-TT</name><nativename>English (Trinidad y Tobago)</nativename><parent>en</parent><threeiso>eng</threeiso><threewin>ENT</threewin><twowin>en</twowin></item>
	<item><id>0x0809</id><cmp>2057</cmp><type>S, I, F</type><displayname>English (United Kingdom)</displayname><eng>English (United Kingdom)</eng><ietfl>en-GB</ietfl><isnc>false</isnc><key>2057</key><lcid>2057</lcid><name>en-GB</name><nativename>English (United Kingdom)</nativename><parent>en</parent><threeiso>eng</threeiso><threewin>ENG</threewin><twowin>en</twowin></item>
	<item>
	<id>0x0409</id>
	<cmp>1033</cmp>
	<type>S, I, F</type>
	<displayname>English (United States)</displayname>
	<eng>English (United States)</eng>
	<ietfl>en-US</ietfl>
	<isnc>false</isnc>
	<key>1033</key>
	<lcid>1033</lcid>
	<name>en-US</name>
	<nativename>English (United States)</nativename>
	<parent>en</parent>
	<threeiso>eng</threeiso>
	<threewin>ENU</threewin>
	<twowin>en</twowin>
	</item>
	<item><id>0x3009</id><cmp>12297</cmp><type>S, I, F</type><displayname>English (Zimbabwe)</displayname><eng>English (Zimbabwe)</eng><ietfl>en-ZW</ietfl><isnc>false</isnc><key>12297</key><lcid>12297</lcid><name>en-ZW</name><nativename>English (Zimbabwe)</nativename><parent>en</parent><threeiso>eng</threeiso><threewin>ENW</threewin><twowin>en</twowin></item>
	<item><id>0x0025</id><cmp>37</cmp><type>N, F</type><displayname>Estonian</displayname><eng>Estonian</eng><ietfl>et</ietfl><isnc>true</isnc><key>1061</key><lcid>37</lcid><name>et</name><nativename>eesti</nativename><parent></parent><threeiso>est</threeiso><threewin>ETI</threewin><twowin>et</twowin></item>
	<item><id>0x0425</id><cmp>1061</cmp><type>S, I, F</type><displayname>Estonian (Estonia)</displayname><eng>Estonian (Estonia)</eng><ietfl>et-EE</ietfl><isnc>false</isnc><key>1061</key><lcid>1061</lcid><name>et-EE</name><nativename>eesti (Eesti)</nativename><parent>et</parent><threeiso>est</threeiso><threewin>ETI</threewin><twowin>et</twowin></item>
	<item><id>0x0038</id><cmp>56</cmp><type>N, F</type><displayname>Faroese</displayname><eng>Faroese</eng><ietfl>fo</ietfl><isnc>true</isnc><key>1080</key><lcid>56</lcid><name>fo</name><nativename>føroyskt</nativename><parent></parent><threeiso>fao</threeiso><threewin>FOS</threewin><twowin>fo</twowin></item>
	<item><id>0x0438</id><cmp>1080</cmp><type>S, I, F</type><displayname>Faroese (Faroe Islands)</displayname><eng>Faroese (Faroe Islands)</eng><ietfl>fo-FO</ietfl><isnc>false</isnc><key>1080</key><lcid>1080</lcid><name>fo-FO</name><nativename>føroyskt (Føroyar)</nativename><parent>fo</parent><threeiso>fao</threeiso><threewin>FOS</threewin><twowin>fo</twowin></item>
	<item><id>0x0029</id><cmp>41</cmp><type>N, F</type><displayname>Persian</displayname><eng>Persian</eng><ietfl>fa</ietfl><isnc>true</isnc><key>1065</key><lcid>41</lcid><name>fa</name><nativename>فارسى</nativename><parent></parent><threeiso>fas</threeiso><threewin>FAR</threewin><twowin>fa</twowin></item>
	<item><id>0x0429</id><cmp>1065</cmp><type>S, I, F</type><displayname>Persian (Iran)</displayname><eng>Persian (Iran)</eng><ietfl>fa-IR</ietfl><isnc>false</isnc><key>1065</key><lcid>1065</lcid><name>fa-IR</name><nativename>فارسى (ايران)</nativename><parent>fa</parent><threeiso>fas</threeiso><threewin>FAR</threewin><twowin>fa</twowin></item>
	<item><id>0x000B</id><cmp>11</cmp><type>N, F</type><displayname>Finnish</displayname><eng>Finnish</eng><ietfl>fi</ietfl><isnc>true</isnc><key>1035</key><lcid>11</lcid><name>fi</name><nativename>suomi</nativename><parent></parent><threeiso>fin</threeiso><threewin>FIN</threewin><twowin>fi</twowin></item>
	<item><id>0x040B</id><cmp>1035</cmp><type>S, I, F</type><displayname>Finnish (Finland)</displayname><eng>Finnish (Finland)</eng><ietfl>fi-FI</ietfl><isnc>false</isnc><key>1035</key><lcid>1035</lcid><name>fi-FI</name><nativename>suomi (Suomi)</nativename><parent>fi</parent><threeiso>fin</threeiso><threewin>FIN</threewin><twowin>fi</twowin></item>
	<item><id>0x000C</id><cmp>12</cmp><type>N, F</type><displayname>French</displayname><eng>French</eng><ietfl>fr</ietfl><isnc>true</isnc><key>1036</key><lcid>12</lcid><name>fr</name><nativename>français</nativename><parent></parent><threeiso>fra</threeiso><threewin>FRA</threewin><twowin>fr</twowin></item>
	<item><id>0x080C</id><cmp>2060</cmp><type>S, I, F</type><displayname>French (Belgium)</displayname><eng>French (Belgium)</eng><ietfl>fr-BE</ietfl><isnc>false</isnc><key>2060</key><lcid>2060</lcid><name>fr-BE</name><nativename>français (Belgique)</nativename><parent>fr</parent><threeiso>fra</threeiso><threewin>FRB</threewin><twowin>fr</twowin></item>
	<item><id>0x0C0C</id><cmp>3084</cmp><type>S, I, F</type><displayname>French (Canada)</displayname><eng>French (Canada)</eng><ietfl>fr-CA</ietfl><isnc>false</isnc><key>3084</key><lcid>3084</lcid><name>fr-CA</name><nativename>français (Canada)</nativename><parent>fr</parent><threeiso>fra</threeiso><threewin>FRC</threewin><twowin>fr</twowin></item>
	<item><id>0x040C</id><cmp>1036</cmp><type>S, I, F</type><displayname>French (France)</displayname><eng>French (France)</eng><ietfl>fr-FR</ietfl><isnc>false</isnc><key>1036</key><lcid>1036</lcid><name>fr-FR</name><nativename>français (France)</nativename><parent>fr</parent><threeiso>fra</threeiso><threewin>FRA</threewin><twowin>fr</twowin></item>
	<item><id>0x140C</id><cmp>5132</cmp><type>S, I, F</type><displayname>French (Luxembourg)</displayname><eng>French (Luxembourg)</eng><ietfl>fr-LU</ietfl><isnc>false</isnc><key>5132</key><lcid>5132</lcid><name>fr-LU</name><nativename>français (Luxembourg)</nativename><parent>fr</parent><threeiso>fra</threeiso><threewin>FRL</threewin><twowin>fr</twowin></item>
	<item><id>0x180C</id><cmp>6156</cmp><type>S, I, F</type><displayname>French (Principality of Monaco)</displayname><eng>French (Principality of Monaco)</eng><ietfl>fr-MC</ietfl><isnc>false</isnc><key>6156</key><lcid>6156</lcid><name>fr-MC</name><nativename>français (Principauté de Monaco)</nativename><parent>fr</parent><threeiso>fra</threeiso><threewin>FRM</threewin><twowin>fr</twowin></item>
	<item><id>0x100C</id><cmp>4108</cmp><type>S, I, F</type><displayname>French (Switzerland)</displayname><eng>French (Switzerland)</eng><ietfl>fr-CH</ietfl><isnc>false</isnc><key>4108</key><lcid>4108</lcid><name>fr-CH</name><nativename>français (Suisse)</nativename><parent>fr</parent><threeiso>fra</threeiso><threewin>FRS</threewin><twowin>fr</twowin></item>
	<item><id>0x0056</id><cmp>86</cmp><type>N, F</type><displayname>Galician</displayname><eng>Galician</eng><ietfl>gl</ietfl><isnc>true</isnc><key>1110</key><lcid>86</lcid><name>gl</name><nativename>galego</nativename><parent></parent><threeiso>glg</threeiso><threewin>GLC</threewin><twowin>gl</twowin></item>
	<item><id>0x0456</id><cmp>1110</cmp><type>S, I, F</type><displayname>Galician (Galician)</displayname><eng>Galician (Galician)</eng><ietfl>gl-ES</ietfl><isnc>false</isnc><key>1110</key><lcid>1110</lcid><name>gl-ES</name><nativename>galego (galego)</nativename><parent>gl</parent><threeiso>glg</threeiso><threewin>GLC</threewin><twowin>gl</twowin></item>
	<item><id>0x0037</id><cmp>55</cmp><type>N, F</type><displayname>Georgian</displayname><eng>Georgian</eng><ietfl>ka</ietfl><isnc>true</isnc><key>1079</key><lcid>55</lcid><name>ka</name><nativename>ქართული</nativename><parent></parent><threeiso>kat</threeiso><threewin>KAT</threewin><twowin>ka</twowin></item>
	<item><id>0x0437</id><cmp>1079</cmp><type>S, I, F</type><displayname>Georgian (Georgia)</displayname><eng>Georgian (Georgia)</eng><ietfl>ka-GE</ietfl><isnc>false</isnc><key>1079</key><lcid>1079</lcid><name>ka-GE</name><nativename>ქართული (საქართველო)</nativename><parent>ka</parent><threeiso>kat</threeiso><threewin>KAT</threewin><twowin>ka</twowin></item>
	<item><id>0x0007</id><cmp>7</cmp><type>N, F</type><displayname>German</displayname><eng>German</eng><ietfl>de</ietfl><isnc>true</isnc><key>1031</key><lcid>7</lcid><name>de</name><nativename>Deutsch</nativename><parent></parent><threeiso>deu</threeiso><threewin>DEU</threewin><twowin>de</twowin></item>
	<item><id>0x0C07</id><cmp>3079</cmp><type>S, I, F</type><displayname>German (Austria)</displayname><eng>German (Austria)</eng><ietfl>de-AT</ietfl><isnc>false</isnc><key>3079</key><lcid>3079</lcid><name>de-AT</name><nativename>Deutsch (Österreich)</nativename><parent>de</parent><threeiso>deu</threeiso><threewin>DEA</threewin><twowin>de</twowin></item>
	<item><id>0x0407</id><cmp>1031</cmp><type>S, I, F</type><displayname>German (Germany)</displayname><eng>German (Germany)</eng><ietfl>de-DE</ietfl><isnc>false</isnc><key>1031</key><lcid>1031</lcid><name>de-DE</name><nativename>Deutsch (Deutschland)</nativename><parent>de</parent><threeiso>deu</threeiso><threewin>DEU</threewin><twowin>de</twowin></item>
	<item><id>0x1407</id><cmp>5127</cmp><type>S, I, F</type><displayname>German (Liechtenstein)</displayname><eng>German (Liechtenstein)</eng><ietfl>de-LI</ietfl><isnc>false</isnc><key>5127</key><lcid>5127</lcid><name>de-LI</name><nativename>Deutsch (Liechtenstein)</nativename><parent>de</parent><threeiso>deu</threeiso><threewin>DEC</threewin><twowin>de</twowin></item>
	<item><id>0x1007</id><cmp>4103</cmp><type>S, I, F</type><displayname>German (Luxembourg)</displayname><eng>German (Luxembourg)</eng><ietfl>de-LU</ietfl><isnc>false</isnc><key>4103</key><lcid>4103</lcid><name>de-LU</name><nativename>Deutsch (Luxemburg)</nativename><parent>de</parent><threeiso>deu</threeiso><threewin>DEL</threewin><twowin>de</twowin></item>
	<item><id>0x0807</id><cmp>2055</cmp><type>S, I, F</type><displayname>German (Switzerland)</displayname><eng>German (Switzerland)</eng><ietfl>de-CH</ietfl><isnc>false</isnc><key>2055</key><lcid>2055</lcid><name>de-CH</name><nativename>Deutsch (Schweiz)</nativename><parent>de</parent><threeiso>deu</threeiso><threewin>DES</threewin><twowin>de</twowin></item>
	<item><id>0x0008</id><cmp>8</cmp><type>N, F</type><displayname>Greek</displayname><eng>Greek</eng><ietfl>el</ietfl><isnc>true</isnc><key>1032</key><lcid>8</lcid><name>el</name><nativename>εληνικά</nativename><parent></parent><threeiso>ell</threeiso><threewin>ELL</threewin><twowin>el</twowin></item>
	<item><id>0x0408</id><cmp>1032</cmp><type>S, I, F</type><displayname>Greek (Greece)</displayname><eng>Greek (Greece)</eng><ietfl>el-GR</ietfl><isnc>false</isnc><key>1032</key><lcid>1032</lcid><name>el-GR</name><nativename>εληνικά (Ελάδα)</nativename><parent>el</parent><threeiso>ell</threeiso><threewin>ELL</threewin><twowin>el</twowin></item>
	<item><id>0x0047</id><cmp>71</cmp><type>N, F</type><displayname>Gujarati</displayname><eng>Gujarati</eng><ietfl>gu</ietfl><isnc>true</isnc><key>1095</key><lcid>71</lcid><name>gu</name><nativename>ગુજરાતી</nativename><parent></parent><threeiso>guj</threeiso><threewin>GUJ</threewin><twowin>gu</twowin></item>
	<item><id>0x0447</id><cmp>1095</cmp><type>S, I, F</type><displayname>Gujarati (India)</displayname><eng>Gujarati (India)</eng><ietfl>gu-IN</ietfl><isnc>false</isnc><key>1095</key><lcid>1095</lcid><name>gu-IN</name><nativename>ગુજરાતી (ભારત)</nativename><parent>gu</parent><threeiso>guj</threeiso><threewin>GUJ</threewin><twowin>gu</twowin></item>
	<item><id>0x000D</id><cmp>13</cmp><type>N, F</type><displayname>Hebrew</displayname><eng>Hebrew</eng><ietfl>he</ietfl><isnc>true</isnc><key>1037</key><lcid>13</lcid><name>he</name><nativename>עברית</nativename><parent></parent><threeiso>heb</threeiso><threewin>HEB</threewin><twowin>he</twowin></item>
	<item><id>0x040D</id><cmp>1037</cmp><type>S, I, F</type><displayname>Hebrew (Israel)</displayname><eng>Hebrew (Israel)</eng><ietfl>he-IL</ietfl><isnc>false</isnc><key>1037</key><lcid>1037</lcid><name>he-IL</name><nativename>עברית (ישראל)</nativename><parent>he</parent><threeiso>heb</threeiso><threewin>HEB</threewin><twowin>he</twowin></item>
	<item><id>0x0039</id><cmp>57</cmp><type>N, F</type><displayname>Hindi</displayname><eng>Hindi</eng><ietfl>hi</ietfl><isnc>true</isnc><key>1081</key><lcid>57</lcid><name>hi</name><nativename>हिंदी</nativename><parent></parent><threeiso>hin</threeiso><threewin>HIN</threewin><twowin>hi</twowin></item>
	<item><id>0x0439</id><cmp>1081</cmp><type>S, I, F</type><displayname>Hindi (India)</displayname><eng>Hindi (India)</eng><ietfl>hi-IN</ietfl><isnc>false</isnc><key>1081</key><lcid>1081</lcid><name>hi-IN</name><nativename>हिंदी (भारत)</nativename><parent>hi</parent><threeiso>hin</threeiso><threewin>HIN</threewin><twowin>hi</twowin></item>
	<item><id>0x000E</id><cmp>14</cmp><type>N, F</type><displayname>Hungarian</displayname><eng>Hungarian</eng><ietfl>hu</ietfl><isnc>true</isnc><key>1038</key><lcid>14</lcid><name>hu</name><nativename>magyar</nativename><parent></parent><threeiso>hun</threeiso><threewin>HUN</threewin><twowin>hu</twowin></item>
	<item><id>0x040E</id><cmp>1038</cmp><type>S, I, F</type><displayname>Hungarian (Hungary)</displayname><eng>Hungarian (Hungary)</eng><ietfl>hu-HU</ietfl><isnc>false</isnc><key>1038</key><lcid>1038</lcid><name>hu-HU</name><nativename>magyar (Magyarország)</nativename><parent>hu</parent><threeiso>hun</threeiso><threewin>HUN</threewin><twowin>hu</twowin></item>
	<item><id>0x000F</id><cmp>15</cmp><type>N, F</type><displayname>Icelandic</displayname><eng>Icelandic</eng><ietfl>is</ietfl><isnc>true</isnc><key>1039</key><lcid>15</lcid><name>is</name><nativename>íslenska</nativename><parent></parent><threeiso>isl</threeiso><threewin>ISL</threewin><twowin>is</twowin></item>
	<item><id>0x040F</id><cmp>1039</cmp><type>S, I, F</type><displayname>Icelandic (Iceland)</displayname><eng>Icelandic (Iceland)</eng><ietfl>is-IS</ietfl><isnc>false</isnc><key>1039</key><lcid>1039</lcid><name>is-IS</name><nativename>íslenska (Ísland)</nativename><parent>is</parent><threeiso>isl</threeiso><threewin>ISL</threewin><twowin>is</twowin></item>
	<item><id>0x0021</id><cmp>33</cmp><type>N, F</type><displayname>Indonesian</displayname><eng>Indonesian</eng><ietfl>id</ietfl><isnc>true</isnc><key>1057</key><lcid>33</lcid><name>id</name><nativename>Bahasa Indonesia</nativename><parent></parent><threeiso>ind</threeiso><threewin>IND</threewin><twowin>id</twowin></item>
	<item><id>0x0421</id><cmp>1057</cmp><type>S, I, F</type><displayname>Indonesian (Indonesia)</displayname><eng>Indonesian (Indonesia)</eng><ietfl>id-ID</ietfl><isnc>false</isnc><key>1057</key><lcid>1057</lcid><name>id-ID</name><nativename>Bahasa Indonesia (Indonesia)</nativename><parent>id</parent><threeiso>ind</threeiso><threewin>IND</threewin><twowin>id</twowin></item>
	<item><id>0x0010</id><cmp>16</cmp><type>N, F</type><displayname>Italian</displayname><eng>Italian</eng><ietfl>it</ietfl><isnc>true</isnc><key>1040</key><lcid>16</lcid><name>it</name><nativename>italiano</nativename><parent></parent><threeiso>ita</threeiso><threewin>ITA</threewin><twowin>it</twowin></item>
	<item><id>0x0410</id><cmp>1040</cmp><type>S, I, F</type><displayname>Italian (Italy)</displayname><eng>Italian (Italy)</eng><ietfl>it-IT</ietfl><isnc>false</isnc><key>1040</key><lcid>1040</lcid><name>it-IT</name><nativename>italiano (Italia)</nativename><parent>it</parent><threeiso>ita</threeiso><threewin>ITA</threewin><twowin>it</twowin></item>
	<item><id>0x0810</id><cmp>2064</cmp><type>S, I, F</type><displayname>Italian (Switzerland)</displayname><eng>Italian (Switzerland)</eng><ietfl>it-CH</ietfl><isnc>false</isnc><key>2064</key><lcid>2064</lcid><name>it-CH</name><nativename>italiano (Svizzera)</nativename><parent>it</parent><threeiso>ita</threeiso><threewin>ITS</threewin><twowin>it</twowin></item>
	<item><id>0x0011</id><cmp>17</cmp><type>N, F</type><displayname>Japanese</displayname><eng>Japanese</eng><ietfl>ja</ietfl><isnc>true</isnc><key>1041</key><lcid>17</lcid><name>ja</name><nativename>日本語</nativename><parent></parent><threeiso>jpn</threeiso><threewin>JPN</threewin><twowin>ja</twowin></item>
	<item><id>0x0411</id><cmp>1041</cmp><type>S, F</type><displayname>Japanese (Japan)</displayname><eng>Japanese (Japan)</eng><ietfl>ja-JP</ietfl><isnc>false</isnc><key>1041</key><lcid>1041</lcid><name>ja-JP</name><nativename>日本語 (日本)</nativename><parent>ja</parent><threeiso>jpn</threeiso><threewin>JPN</threewin><twowin>ja</twowin></item>
	<item><id>0x004B</id><cmp>75</cmp><type>N, F</type><displayname>Kannada</displayname><eng>Kannada</eng><ietfl>kn</ietfl><isnc>true</isnc><key>1099</key><lcid>75</lcid><name>kn</name><nativename>ಕನ್ನಡ</nativename><parent></parent><threeiso>kan</threeiso><threewin>KDI</threewin><twowin>kn</twowin></item>
	<item><id>0x044B</id><cmp>1099</cmp><type>S, I, F</type><displayname>Kannada (India)</displayname><eng>Kannada (India)</eng><ietfl>kn-IN</ietfl><isnc>false</isnc><key>1099</key><lcid>1099</lcid><name>kn-IN</name><nativename>ಕನ್ನಡ (ಭಾರತ)</nativename><parent>kn</parent><threeiso>kan</threeiso><threewin>KDI</threewin><twowin>kn</twowin></item>
	<item><id>0x003F</id><cmp>63</cmp><type>N, F</type><displayname>Kazakh</displayname><eng>Kazakh</eng><ietfl>kk</ietfl><isnc>true</isnc><key>1087</key><lcid>63</lcid><name>kk</name><nativename>Қазащb</nativename><parent></parent><threeiso>kaz</threeiso><threewin>KKZ</threewin><twowin>kk</twowin></item>
	<item><id>0x043F</id><cmp>1087</cmp><type>S, I, F</type><displayname>Kazakh (Kazakhstan)</displayname><eng>Kazakh (Kazakhstan)</eng><ietfl>kk-KZ</ietfl><isnc>false</isnc><key>1087</key><lcid>1087</lcid><name>kk-KZ</name><nativename>Қазақ (Қазақстан)</nativename><parent>kk</parent><threeiso>kaz</threeiso><threewin>KKZ</threewin><twowin>kk</twowin></item>
	<item><id>0x0057</id><cmp>87</cmp><type>N, F</type><displayname>Konkani</displayname><eng>Konkani</eng><ietfl>kok</ietfl><isnc>true</isnc><key>1111</key><lcid>87</lcid><name>kok</name><nativename>कोंकणी</nativename><parent></parent><threeiso>kok</threeiso><threewin>KNK</threewin><twowin>kok</twowin></item>
	<item><id>0x0457</id><cmp>1111</cmp><type>S, I, F</type><displayname>Konkani (India)</displayname><eng>Konkani (India)</eng><ietfl>kok-IN</ietfl><isnc>false</isnc><key>1111</key><lcid>1111</lcid><name>kok-IN</name><nativename>कोंकणी (भारत)</nativename><parent>kok</parent><threeiso>kok</threeiso><threewin>KNK</threewin><twowin>kok</twowin></item>
	<item><id>0x0012</id><cmp>18</cmp><type>N, F</type><displayname>Korean</displayname><eng>Korean</eng><ietfl>ko</ietfl><isnc>true</isnc><key>1042</key><lcid>18</lcid><name>ko</name><nativename>한국어</nativename><parent></parent><threeiso>kor</threeiso><threewin>KOR</threewin><twowin>ko</twowin></item>
	<item><id>0x0412</id><cmp>1042</cmp><type>S, F</type><displayname>Korean (Korea)</displayname><eng>Korean (Korea)</eng><ietfl>ko-KR</ietfl><isnc>false</isnc><key>1042</key><lcid>1042</lcid><name>ko-KR</name><nativename>한국어 (대한민국)</nativename><parent>ko</parent><threeiso>kor</threeiso><threewin>KOR</threewin><twowin>ko</twowin></item>
	<item><id>0x0040</id><cmp>64</cmp><type>N, F</type><displayname>Kyrgyz</displayname><eng>Kyrgyz</eng><ietfl>ky</ietfl><isnc>true</isnc><key>1088</key><lcid>64</lcid><name>ky</name><nativename>Кыргыз</nativename><parent></parent><threeiso>kir</threeiso><threewin>KYR</threewin><twowin>ky</twowin></item>
	<item><id>0x0440</id><cmp>1088</cmp><type>S, I, F</type><displayname>Kyrgyz (Kyrgyzstan)</displayname><eng>Kyrgyz (Kyrgyzstan)</eng><ietfl>ky-KG</ietfl><isnc>false</isnc><key>1088</key><lcid>1088</lcid><name>ky-KG</name><nativename>Кыргыз (Кыргызстан)</nativename><parent>ky</parent><threeiso>kir</threeiso><threewin>KYR</threewin><twowin>ky</twowin></item>
	<item><id>0x0026</id><cmp>38</cmp><type>N, F</type><displayname>Latvian</displayname><eng>Latvian</eng><ietfl>lv</ietfl><isnc>true</isnc><key>1062</key><lcid>38</lcid><name>lv</name><nativename>latviešu</nativename><parent></parent><threeiso>lav</threeiso><threewin>LVI</threewin><twowin>lv</twowin></item>
	<item><id>0x0426</id><cmp>1062</cmp><type>S, I, F</type><displayname>Latvian (Latvia)</displayname><eng>Latvian (Latvia)</eng><ietfl>lv-LV</ietfl><isnc>false</isnc><key>1062</key><lcid>1062</lcid><name>lv-LV</name><nativename>latviešu (Latvija)</nativename><parent>lv</parent><threeiso>lav</threeiso><threewin>LVI</threewin><twowin>lv</twowin></item>
	<item><id>0x0027</id><cmp>39</cmp><type>N, F</type><displayname>Lithuanian</displayname><eng>Lithuanian</eng><ietfl>lt</ietfl><isnc>true</isnc><key>1063</key><lcid>39</lcid><name>lt</name><nativename>lietuvių</nativename><parent></parent><threeiso>lit</threeiso><threewin>LTH</threewin><twowin>lt</twowin></item>
	<item><id>0x0427</id><cmp>1063</cmp><type>S, I, F</type><displayname>Lithuanian (Lithuania)</displayname><eng>Lithuanian (Lithuania)</eng><ietfl>lt-LT</ietfl><isnc>false</isnc><key>1063</key><lcid>1063</lcid><name>lt-LT</name><nativename>lietuvių (Lietuva)</nativename><parent>lt</parent><threeiso>lit</threeiso><threewin>LTH</threewin><twowin>lt</twowin></item>
	<item><id>0x002F</id><cmp>47</cmp><type>N, F</type><displayname>Macedonian</displayname><eng>Macedonian</eng><ietfl>mk</ietfl><isnc>true</isnc><key>1071</key><lcid>47</lcid><name>mk</name><nativename>македонски јазик</nativename><parent></parent><threeiso>mkd</threeiso><threewin>MKI</threewin><twowin>mk</twowin></item>
	<item><id>0x042F</id><cmp>1071</cmp><type>S, I, F</type><displayname>Macedonian (Former Yugoslav Republic of Macedonia)</displayname><eng>Macedonian (Former Yugoslav Republic of Macedonia)</eng><ietfl>mk-MK</ietfl><isnc>false</isnc><key>1071</key><lcid>1071</lcid><name>mk-MK</name><nativename>македонски јазик (Македонија)</nativename><parent>mk</parent><threeiso>mkd</threeiso><threewin>MKI</threewin><twowin>mk</twowin></item>
	<item><id>0x003E</id><cmp>62</cmp><type>N, F</type><displayname>Malay</displayname><eng>Malay</eng><ietfl>ms</ietfl><isnc>true</isnc><key>1086</key><lcid>62</lcid><name>ms</name><nativename>Bahasa Malaysia</nativename><parent></parent><threeiso>msa</threeiso><threewin>MSL</threewin><twowin>ms</twowin></item>
	<item><id>0x083E</id><cmp>2110</cmp><type>S, I, F</type><displayname>Malay (Brunei Darussalam)</displayname><eng>Malay (Brunei Darussalam)</eng><ietfl>ms-BN</ietfl><isnc>false</isnc><key>2110</key><lcid>2110</lcid><name>ms-BN</name><nativename>Bahasa Malaysia (Brunei Darussalam)</nativename><parent>ms</parent><threeiso>msa</threeiso><threewin>MSB</threewin><twowin>ms</twowin></item>
	<item><id>0x043E</id><cmp>1086</cmp><type>S, I, F</type><displayname>Malay (Malaysia)</displayname><eng>Malay (Malaysia)</eng><ietfl>ms-MY</ietfl><isnc>false</isnc><key>1086</key><lcid>1086</lcid><name>ms-MY</name><nativename>Bahasa Malaysia (Malaysia)</nativename><parent>ms</parent><threeiso>msa</threeiso><threewin>MSL</threewin><twowin>ms</twowin></item>
	<item><id>0x004E</id><cmp>78</cmp><type>N, F</type><displayname>Marathi</displayname><eng>Marathi</eng><ietfl>mr</ietfl><isnc>true</isnc><key>1102</key><lcid>78</lcid><name>mr</name><nativename>मराठी</nativename><parent></parent><threeiso>mar</threeiso><threewin>MAR</threewin><twowin>mr</twowin></item>
	<item><id>0x044E</id><cmp>1102</cmp><type>S, I, F</type><displayname>Marathi (India)</displayname><eng>Marathi (India)</eng><ietfl>mr-IN</ietfl><isnc>false</isnc><key>1102</key><lcid>1102</lcid><name>mr-IN</name><nativename>मराठी (भारत)</nativename><parent>mr</parent><threeiso>mar</threeiso><threewin>MAR</threewin><twowin>mr</twowin></item>
	<item><id>0x0050</id><cmp>80</cmp><type>N, F</type><displayname>Mongolian</displayname><eng>Mongolian</eng><ietfl>mn</ietfl><isnc>true</isnc><key>1104</key><lcid>80</lcid><name>mn</name><nativename>Монгол хэл</nativename><parent></parent><threeiso>mon</threeiso><threewin>MON</threewin><twowin>mn</twowin></item>
	<item><id>0x0450</id><cmp>1104</cmp><type>S, I, F</type><displayname>Mongolian (Cyrillic, Mongolia)</displayname><eng>Mongolian (Cyrillic, Mongolia)</eng><ietfl>mn-MN</ietfl><isnc>false</isnc><key>1104</key><lcid>1104</lcid><name>mn-MN</name><nativename>Монгол хэл (Монгол улс)</nativename><parent>mn</parent><threeiso>mon</threeiso><threewin>MON</threewin><twowin>mn</twowin></item>
	<item><id>0x0014</id><cmp>20</cmp><type>N, F</type><displayname>Norwegian</displayname><eng>Norwegian</eng><ietfl>no</ietfl><isnc>true</isnc><key>1044</key><lcid>20</lcid><name>no</name><nativename>norsk</nativename><parent></parent><threeiso>nor</threeiso><threewin>NOR</threewin><twowin>no</twowin></item>
	<item><id>0x0414</id><cmp>1044</cmp><type>S, I, F</type><displayname>Norwegian, Bokmål (Norway)</displayname><eng>Norwegian, Bokmål (Norway)</eng><ietfl>nb-NO</ietfl><isnc>false</isnc><key>1044</key><lcid>1044</lcid><name>nb-NO</name><nativename>norsk, bokmål (Norge)</nativename><parent>no</parent><threeiso>nob</threeiso><threewin>NOR</threewin><twowin>nb</twowin></item>
	<item><id>0x0814</id><cmp>2068</cmp><type>S, I, F</type><displayname>Norwegian, Nynorsk (Norway)</displayname><eng>Norwegian, Nynorsk (Norway)</eng><ietfl>nn-NO</ietfl><isnc>false</isnc><key>2068</key><lcid>2068</lcid><name>nn-NO</name><nativename>norsk, nynorsk (Noreg)</nativename><parent>no</parent><threeiso>nno</threeiso><threewin>NON</threewin><twowin>nn</twowin></item>
	<item><id>0x0015</id><cmp>21</cmp><type>N, F</type><displayname>Polish</displayname><eng>Polish</eng><ietfl>pl</ietfl><isnc>true</isnc><key>1045</key><lcid>21</lcid><name>pl</name><nativename>polski</nativename><parent></parent><threeiso>pol</threeiso><threewin>PLK</threewin><twowin>pl</twowin></item>
	<item><id>0x0415</id><cmp>1045</cmp><type>S, I, F</type><displayname>Polish (Poland)</displayname><eng>Polish (Poland)</eng><ietfl>pl-PL</ietfl><isnc>false</isnc><key>1045</key><lcid>1045</lcid><name>pl-PL</name><nativename>polski (Polska)</nativename><parent>pl</parent><threeiso>pol</threeiso><threewin>PLK</threewin><twowin>pl</twowin></item>
	<item><id>0x0016</id><cmp>22</cmp><type>N, F</type><displayname>Portuguese</displayname><eng>Portuguese</eng><ietfl>pt</ietfl><isnc>true</isnc><key>1046</key><lcid>22</lcid><name>pt</name><nativename>Português</nativename><parent></parent><threeiso>por</threeiso><threewin>PTB</threewin><twowin>pt</twowin></item>
	<item><id>0x0416</id><cmp>1046</cmp><type>S, I, F</type><displayname>Portuguese (Brazil)</displayname><eng>Portuguese (Brazil)</eng><ietfl>pt-BR</ietfl><isnc>false</isnc><key>1046</key><lcid>1046</lcid><name>pt-BR</name><nativename>Português (Brasil)</nativename><parent>pt</parent><threeiso>por</threeiso><threewin>PTB</threewin><twowin>pt</twowin></item>
	<item><id>0x0816</id><cmp>2070</cmp><type>S, I, F</type><displayname>Portuguese (Portugal)</displayname><eng>Portuguese (Portugal)</eng><ietfl>pt-PT</ietfl><isnc>false</isnc><key>2070</key><lcid>2070</lcid><name>pt-PT</name><nativename>português (Portugal)</nativename><parent>pt</parent><threeiso>por</threeiso><threewin>PTG</threewin><twowin>pt</twowin></item>
	<item><id>0x0046</id><cmp>70</cmp><type>N, F</type><displayname>Punjabi</displayname><eng>Punjabi</eng><ietfl>pa</ietfl><isnc>true</isnc><key>1094</key><lcid>70</lcid><name>pa</name><nativename>ਪੰਜਾਬੀ</nativename><parent></parent><threeiso>pan</threeiso><threewin>PAN</threewin><twowin>pa</twowin></item>
	<item><id>0x0446</id><cmp>1094</cmp><type>S, I, F</type><displayname>Punjabi (India)</displayname><eng>Punjabi (India)</eng><ietfl>pa-IN</ietfl><isnc>false</isnc><key>1094</key><lcid>1094</lcid><name>pa-IN</name><nativename>ਪੰਜਾਬੀ (ਭਾਰਤ)</nativename><parent>pa</parent><threeiso>pan</threeiso><threewin>PAN</threewin><twowin>pa</twowin></item>
	<item><id>0x0018</id><cmp>24</cmp><type>N, F</type><displayname>Romanian</displayname><eng>Romanian</eng><ietfl>ro</ietfl><isnc>true</isnc><key>1048</key><lcid>24</lcid><name>ro</name><nativename>română</nativename><parent></parent><threeiso>ron</threeiso><threewin>ROM</threewin><twowin>ro</twowin></item>
	<item><id>0x0418</id><cmp>1048</cmp><type>S, I, F</type><displayname>Romanian (Romania)</displayname><eng>Romanian (Romania)</eng><ietfl>ro-RO</ietfl><isnc>false</isnc><key>1048</key><lcid>1048</lcid><name>ro-RO</name><nativename>română (România)</nativename><parent>ro</parent><threeiso>ron</threeiso><threewin>ROM</threewin><twowin>ro</twowin></item>
	<item><id>0x0019</id><cmp>25</cmp><type>N, F</type><displayname>Russian</displayname><eng>Russian</eng><ietfl>ru</ietfl><isnc>true</isnc><key>1049</key><lcid>25</lcid><name>ru</name><nativename>руский</nativename><parent></parent><threeiso>rus</threeiso><threewin>RUS</threewin><twowin>ru</twowin></item>
	<item><id>0x0419</id><cmp>1049</cmp><type>S, I, F</type><displayname>Russian (Russia)</displayname><eng>Russian (Russia)</eng><ietfl>ru-RU</ietfl><isnc>false</isnc><key>1049</key><lcid>1049</lcid><name>ru-RU</name><nativename>руский (Росия)</nativename><parent>ru</parent><threeiso>rus</threeiso><threewin>RUS</threewin><twowin>ru</twowin></item>
	<item><id>0x004F</id><cmp>79</cmp><type>N, F</type><displayname>Sanskrit</displayname><eng>Sanskrit</eng><ietfl>sa</ietfl><isnc>true</isnc><key>1103</key><lcid>79</lcid><name>sa</name><nativename>संस्कृत</nativename><parent></parent><threeiso>san</threeiso><threewin>SAN</threewin><twowin>sa</twowin></item>
	<item><id>0x044F</id><cmp>1103</cmp><type>S, I, F</type><displayname>Sanskrit (India)</displayname><eng>Sanskrit (India)</eng><ietfl>sa-IN</ietfl><isnc>false</isnc><key>1103</key><lcid>1103</lcid><name>sa-IN</name><nativename>संस्कृत (भारतम्)</nativename><parent>sa</parent><threeiso>san</threeiso><threewin>SAN</threewin><twowin>sa</twowin></item>
	<item><id>0x0C1A</id><cmp>3098</cmp><type>S, I, F</type><displayname>Serbian (Cyrillic, Serbia and Montenegro)</displayname><eng>Serbian (Cyrillic, Serbia and Montenegro)</eng><ietfl>sr-Cyrl-SP</ietfl><isnc>false</isnc><key>3098</key><lcid>3098</lcid><name>sr-SP-Cyrl</name><nativename>српски (Србија и Црна Гора)</nativename><parent>sr</parent><threeiso>srp</threeiso><threewin>SRB</threewin><twowin>sr</twowin></item>
	<item><id>0x081A</id><cmp>2074</cmp><type>S, I, F</type><displayname>Serbian (Latin, Serbia and Montenegro)</displayname><eng>Serbian (Latin, Serbia and Montenegro)</eng><ietfl>sr-Latn-SP</ietfl><isnc>false</isnc><key>2074</key><lcid>2074</lcid><name>sr-SP-Latn</name><nativename>srpski (Srbija i Crna Gora)</nativename><parent>sr</parent><threeiso>srp</threeiso><threewin>SRL</threewin><twowin>sr</twowin></item>
	<item><id>0x001B</id><cmp>27</cmp><type>N, F</type><displayname>Slovak</displayname><eng>Slovak</eng><ietfl>sk</ietfl><isnc>true</isnc><key>1051</key><lcid>27</lcid><name>sk</name><nativename>slovenčina</nativename><parent></parent><threeiso>slk</threeiso><threewin>SKY</threewin><twowin>sk</twowin></item>
	<item><id>0x041B</id><cmp>1051</cmp><type>S, I, F</type><displayname>Slovak (Slovakia)</displayname><eng>Slovak (Slovakia)</eng><ietfl>sk-SK</ietfl><isnc>false</isnc><key>1051</key><lcid>1051</lcid><name>sk-SK</name><nativename>slovenčina (Slovenská republika)</nativename><parent>sk</parent><threeiso>slk</threeiso><threewin>SKY</threewin><twowin>sk</twowin></item>
	<item><id>0x0024</id><cmp>36</cmp><type>N, F</type><displayname>Slovenian</displayname><eng>Slovenian</eng><ietfl>sl</ietfl><isnc>true</isnc><key>1060</key><lcid>36</lcid><name>sl</name><nativename>slovenski</nativename><parent></parent><threeiso>slv</threeiso><threewin>SLV</threewin><twowin>sl</twowin></item>
	<item><id>0x0424</id><cmp>1060</cmp><type>S, I, F</type><displayname>Slovenian (Slovenia)</displayname><eng>Slovenian (Slovenia)</eng><ietfl>sl-SI</ietfl><isnc>false</isnc><key>1060</key><lcid>1060</lcid><name>sl-SI</name><nativename>slovenski (Slovenija)</nativename><parent>sl</parent><threeiso>slv</threeiso><threewin>SLV</threewin><twowin>sl</twowin></item>
	<item><id>0x000A</id><cmp>10</cmp><type>N, F</type><displayname>Spanish</displayname><eng>Spanish</eng><ietfl>es</ietfl><isnc>true</isnc><key>1034</key><lcid>10</lcid><name>es</name><nativename>español</nativename><parent></parent><threeiso>spa</threeiso><threewin>ESP</threewin><twowin>es</twowin></item>
	<item><id>0x2C0A</id><cmp>11274</cmp><type>S, I, F</type><displayname>Spanish (Argentina)</displayname><eng>Spanish (Argentina)</eng><ietfl>es-AR</ietfl><isnc>false</isnc><key>11274</key><lcid>11274</lcid><name>es-AR</name><nativename>Español (Argentina)</nativename><parent>es</parent><threeiso>spa</threeiso><threewin>ESS</threewin><twowin>es</twowin></item>
	<item><id>0x400A</id><cmp>16394</cmp><type>S, I, F</type><displayname>Spanish (Bolivia)</displayname><eng>Spanish (Bolivia)</eng><ietfl>es-BO</ietfl><isnc>false</isnc><key>16394</key><lcid>16394</lcid><name>es-BO</name><nativename>Español (Bolivia)</nativename><parent>es</parent><threeiso>spa</threeiso><threewin>ESB</threewin><twowin>es</twowin></item>
	<item><id>0x340A</id><cmp>13322</cmp><type>S, I, F</type><displayname>Spanish (Chile)</displayname><eng>Spanish (Chile)</eng><ietfl>es-CL</ietfl><isnc>false</isnc><key>13322</key><lcid>13322</lcid><name>es-CL</name><nativename>Español (Chile)</nativename><parent>es</parent><threeiso>spa</threeiso><threewin>ESL</threewin><twowin>es</twowin></item>
	<item><id>0x240A</id><cmp>9226</cmp><type>S, I, F</type><displayname>Spanish (Colombia)</displayname><eng>Spanish (Colombia)</eng><ietfl>es-CO</ietfl><isnc>false</isnc><key>9226</key><lcid>9226</lcid><name>es-CO</name><nativename>Español (Colombia)</nativename><parent>es</parent><threeiso>spa</threeiso><threewin>ESO</threewin><twowin>es</twowin></item>
	<item><id>0x140A</id><cmp>5130</cmp><type>S, I, F</type><displayname>Spanish (Costa Rica)</displayname><eng>Spanish (Costa Rica)</eng><ietfl>es-CR</ietfl><isnc>false</isnc><key>5130</key><lcid>5130</lcid><name>es-CR</name><nativename>Español (Costa Rica)</nativename><parent>es</parent><threeiso>spa</threeiso><threewin>ESC</threewin><twowin>es</twowin></item>
	<item><id>0x1C0A</id><cmp>7178</cmp><type>S, I, F</type><displayname>Spanish (Dominican Republic)</displayname><eng>Spanish (Dominican Republic)</eng><ietfl>es-DO</ietfl><isnc>false</isnc><key>7178</key><lcid>7178</lcid><name>es-DO</name><nativename>Español (República Dominicana)</nativename><parent>es</parent><threeiso>spa</threeiso><threewin>ESD</threewin><twowin>es</twowin></item>
	<item><id>0x300A</id><cmp>12298</cmp><type>S, I, F</type><displayname>Spanish (Ecuador)</displayname><eng>Spanish (Ecuador)</eng><ietfl>es-EC</ietfl><isnc>false</isnc><key>12298</key><lcid>12298</lcid><name>es-EC</name><nativename>Español (Ecuador)</nativename><parent>es</parent><threeiso>spa</threeiso><threewin>ESF</threewin><twowin>es</twowin></item>
	<item><id>0x440A</id><cmp>17418</cmp><type>S, I, F</type><displayname>Spanish (El Salvador)</displayname><eng>Spanish (El Salvador)</eng><ietfl>es-SV</ietfl><isnc>false</isnc><key>17418</key><lcid>17418</lcid><name>es-SV</name><nativename>Español (El Salvador)</nativename><parent>es</parent><threeiso>spa</threeiso><threewin>ESE</threewin><twowin>es</twowin></item>
	<item><id>0x100A</id><cmp>4106</cmp><type>S, I, F</type><displayname>Spanish (Guatemala)</displayname><eng>Spanish (Guatemala)</eng><ietfl>es-GT</ietfl><isnc>false</isnc><key>4106</key><lcid>4106</lcid><name>es-GT</name><nativename>Español (Guatemala)</nativename><parent>es</parent><threeiso>spa</threeiso><threewin>ESG</threewin><twowin>es</twowin></item>
	<item><id>0x480A</id><cmp>18442</cmp><type>S, I, F</type><displayname>Spanish (Honduras)</displayname><eng>Spanish (Honduras)</eng><ietfl>es-HN</ietfl><isnc>false</isnc><key>18442</key><lcid>18442</lcid><name>es-HN</name><nativename>Español (Honduras)</nativename><parent>es</parent><threeiso>spa</threeiso><threewin>ESH</threewin><twowin>es</twowin></item>
	<item><id>0x080A</id><cmp>2058</cmp><type>S, I, F</type><displayname>Spanish (Mexico)</displayname><eng>Spanish (Mexico)</eng><ietfl>es-MX</ietfl><isnc>false</isnc><key>2058</key><lcid>2058</lcid><name>es-MX</name><nativename>Español (México)</nativename><parent>es</parent><threeiso>spa</threeiso><threewin>ESM</threewin><twowin>es</twowin></item>
	<item><id>0x4C0A</id><cmp>19466</cmp><type>S, I, F</type><displayname>Spanish (Nicaragua)</displayname><eng>Spanish (Nicaragua)</eng><ietfl>es-NI</ietfl><isnc>false</isnc><key>19466</key><lcid>19466</lcid><name>es-NI</name><nativename>Español (Nicaragua)</nativename><parent>es</parent><threeiso>spa</threeiso><threewin>ESI</threewin><twowin>es</twowin></item>
	<item><id>0x180A</id><cmp>6154</cmp><type>S, I, F</type><displayname>Spanish (Panama)</displayname><eng>Spanish (Panama)</eng><ietfl>es-PA</ietfl><isnc>false</isnc><key>6154</key><lcid>6154</lcid><name>es-PA</name><nativename>Español (Panamá)</nativename><parent>es</parent><threeiso>spa</threeiso><threewin>ESA</threewin><twowin>es</twowin></item>
	<item><id>0x3C0A</id><cmp>15370</cmp><type>S, I, F</type><displayname>Spanish (Paraguay)</displayname><eng>Spanish (Paraguay)</eng><ietfl>es-PY</ietfl><isnc>false</isnc><key>15370</key><lcid>15370</lcid><name>es-PY</name><nativename>Español (Paraguay)</nativename><parent>es</parent><threeiso>spa</threeiso><threewin>ESZ</threewin><twowin>es</twowin></item>
	<item><id>0x280A</id><cmp>10250</cmp><type>S, I, F</type><displayname>Spanish (Peru)</displayname><eng>Spanish (Peru)</eng><ietfl>es-PE</ietfl><isnc>false</isnc><key>10250</key><lcid>10250</lcid><name>es-PE</name><nativename>Español (Perú)</nativename><parent>es</parent><threeiso>spa</threeiso><threewin>ESR</threewin><twowin>es</twowin></item>
	<item><id>0x500A</id><cmp>20490</cmp><type>S, I, F</type><displayname>Spanish (Puerto Rico)</displayname><eng>Spanish (Puerto Rico)</eng><ietfl>es-PR</ietfl><isnc>false</isnc><key>20490</key><lcid>20490</lcid><name>es-PR</name><nativename>Español (Puerto Rico)</nativename><parent>es</parent><threeiso>spa</threeiso><threewin>ESU</threewin><twowin>es</twowin></item>
	<item><id>0x0C0A</id><cmp>3082</cmp><type>S, I, F</type><displayname>Spanish (Spain)</displayname><eng>Spanish (Spain)</eng><ietfl>es-ES</ietfl><isnc>false</isnc><key>3082</key><lcid>3082</lcid><name>es-ES</name><nativename>español (España)</nativename><parent>es</parent><threeiso>spa</threeiso><threewin>ESN</threewin><twowin>es</twowin></item>
	<item><id>0x380A</id><cmp>14346</cmp><type>S, I, F</type><displayname>Spanish (Uruguay)</displayname><eng>Spanish (Uruguay)</eng><ietfl>es-UY</ietfl><isnc>false</isnc><key>14346</key><lcid>14346</lcid><name>es-UY</name><nativename>Español (Uruguay)</nativename><parent>es</parent><threeiso>spa</threeiso><threewin>ESY</threewin><twowin>es</twowin></item>
	<item><id>0x200A</id><cmp>8202</cmp><type>S, I, F</type><displayname>Spanish (Venezuela)</displayname><eng>Spanish (Venezuela)</eng><ietfl>es-VE</ietfl><isnc>false</isnc><key>8202</key><lcid>8202</lcid><name>es-VE</name><nativename>Español (Republica Bolivariana de Venezuela)</nativename><parent>es</parent><threeiso>spa</threeiso><threewin>ESV</threewin><twowin>es</twowin></item>
	<item><id>0x0041</id><cmp>65</cmp><type>N, F</type><displayname>Kiswahili</displayname><eng>Kiswahili</eng><ietfl>sw</ietfl><isnc>true</isnc><key>1089</key><lcid>65</lcid><name>sw</name><nativename>Kiswahili</nativename><parent></parent><threeiso>swa</threeiso><threewin>SWK</threewin><twowin>sw</twowin></item>
	<item><id>0x0441</id><cmp>1089</cmp><type>S, I, F</type><displayname>Kiswahili (Kenya)</displayname><eng>Kiswahili (Kenya)</eng><ietfl>sw-KE</ietfl><isnc>false</isnc><key>1089</key><lcid>1089</lcid><name>sw-KE</name><nativename>Kiswahili (Kenya)</nativename><parent>sw</parent><threeiso>swa</threeiso><threewin>SWK</threewin><twowin>sw</twowin></item>
	<item><id>0x001D</id><cmp>29</cmp><type>N, F</type><displayname>Swedish</displayname><eng>Swedish</eng><ietfl>sv</ietfl><isnc>true</isnc><key>1053</key><lcid>29</lcid><name>sv</name><nativename>svenska</nativename><parent></parent><threeiso>swe</threeiso><threewin>SVE</threewin><twowin>sv</twowin></item>
	<item><id>0x081D</id><cmp>2077</cmp><type>S, I, F</type><displayname>Swedish (Finland)</displayname><eng>Swedish (Finland)</eng><ietfl>sv-FI</ietfl><isnc>false</isnc><key>2077</key><lcid>2077</lcid><name>sv-FI</name><nativename>svenska (Finland)</nativename><parent>sv</parent><threeiso>swe</threeiso><threewin>SVF</threewin><twowin>sv</twowin></item>
	<item><id>0x041D</id><cmp>1053</cmp><type>S, I, F</type><displayname>Swedish (Sweden)</displayname><eng>Swedish (Sweden)</eng><ietfl>sv-SE</ietfl><isnc>false</isnc><key>1053</key><lcid>1053</lcid><name>sv-SE</name><nativename>svenska (Sverige)</nativename><parent>sv</parent><threeiso>swe</threeiso><threewin>SVE</threewin><twowin>sv</twowin></item>
	<item><id>0x005A</id><cmp>90</cmp><type>N, F</type><displayname>Syriac</displayname><eng>Syriac</eng><ietfl>syr</ietfl><isnc>true</isnc><key>1114</key><lcid>90</lcid><name>syr</name><nativename>ܣܘܪܝܐ</nativename><parent></parent><threeiso>syr</threeiso><threewin>SYR</threewin><twowin>syr</twowin></item>
	<item><id>0x045A</id><cmp>1114</cmp><type>S, I, F</type><displayname>Syriac (Syria)</displayname><eng>Syriac (Syria)</eng><ietfl>syr-SY</ietfl><isnc>false</isnc><key>1114</key><lcid>1114</lcid><name>syr-SY</name><nativename>ܣܘܪܝܐ (سوريا)</nativename><parent>syr</parent><threeiso>syr</threeiso><threewin>SYR</threewin><twowin>syr</twowin></item>
	<item><id>0x0049</id><cmp>73</cmp><type>N, F</type><displayname>Tamil</displayname><eng>Tamil</eng><ietfl>ta</ietfl><isnc>true</isnc><key>1097</key><lcid>73</lcid><name>ta</name><nativename>தமிழ்</nativename><parent></parent><threeiso>tam</threeiso><threewin>TAM</threewin><twowin>ta</twowin></item>
	<item><id>0x0449</id><cmp>1097</cmp><type>S, I, F</type><displayname>Tamil (India)</displayname><eng>Tamil (India)</eng><ietfl>ta-IN</ietfl><isnc>false</isnc><key>1097</key><lcid>1097</lcid><name>ta-IN</name><nativename>தமிழ் (இந்தியா)</nativename><parent>ta</parent><threeiso>tam</threeiso><threewin>TAM</threewin><twowin>ta</twowin></item>
	<item><id>0x0044</id><cmp>68</cmp><type>N, F</type><displayname>Tatar</displayname><eng>Tatar</eng><ietfl>tt</ietfl><isnc>true</isnc><key>1092</key><lcid>68</lcid><name>tt</name><nativename>Татар</nativename><parent></parent><threeiso>tat</threeiso><threewin>TTT</threewin><twowin>tt</twowin></item>
	<item><id>0x0444</id><cmp>1092</cmp><type>S, I, F</type><displayname>Tatar (Russia)</displayname><eng>Tatar (Russia)</eng><ietfl>tt-RU</ietfl><isnc>false</isnc><key>1092</key><lcid>1092</lcid><name>tt-RU</name><nativename>Татар (Росия)</nativename><parent>tt</parent><threeiso>tat</threeiso><threewin>TTT</threewin><twowin>tt</twowin></item>
	<item><id>0x004A</id><cmp>74</cmp><type>N, F</type><displayname>Telugu</displayname><eng>Telugu</eng><ietfl>te</ietfl><isnc>true</isnc><key>1098</key><lcid>74</lcid><name>te</name><nativename>తెలుగు</nativename><parent></parent><threeiso>tel</threeiso><threewin>TEL</threewin><twowin>te</twowin></item>
	<item><id>0x044A</id><cmp>1098</cmp><type>S, I, F</type><displayname>Telugu (India)</displayname><eng>Telugu (India)</eng><ietfl>te-IN</ietfl><isnc>false</isnc><key>1098</key><lcid>1098</lcid><name>te-IN</name><nativename>తెలుగు (భారత దేశం)</nativename><parent>te</parent><threeiso>tel</threeiso><threewin>TEL</threewin><twowin>te</twowin></item>
	<item><id>0x001E</id><cmp>30</cmp><type>N, F</type><displayname>Thai</displayname><eng>Thai</eng><ietfl>th</ietfl><isnc>true</isnc><key>1054</key><lcid>30</lcid><name>th</name><nativename>ไทย</nativename><parent></parent><threeiso>tha</threeiso><threewin>THA</threewin><twowin>th</twowin></item>
	<item><id>0x041E</id><cmp>1054</cmp><type>S, I, F</type><displayname>Thai (Thailand)</displayname><eng>Thai (Thailand)</eng><ietfl>th-TH</ietfl><isnc>false</isnc><key>1054</key><lcid>1054</lcid><name>th-TH</name><nativename>ไทย (ไทย)</nativename><parent>th</parent><threeiso>tha</threeiso><threewin>THA</threewin><twowin>th</twowin></item>
	<item><id>0x001F</id><cmp>31</cmp><type>N, F</type><displayname>Turkish</displayname><eng>Turkish</eng><ietfl>tr</ietfl><isnc>true</isnc><key>1055</key><lcid>31</lcid><name>tr</name><nativename>Türkçe</nativename><parent></parent><threeiso>tur</threeiso><threewin>TRK</threewin><twowin>tr</twowin></item>
	<item><id>0x041F</id><cmp>1055</cmp><type>S, I, F</type><displayname>Turkish (Turkey)</displayname><eng>Turkish (Turkey)</eng><ietfl>tr-TR</ietfl><isnc>false</isnc><key>1055</key><lcid>1055</lcid><name>tr-TR</name><nativename>Türkçe (Türkiye)</nativename><parent>tr</parent><threeiso>tur</threeiso><threewin>TRK</threewin><twowin>tr</twowin></item>
	<item><id>0x0022</id><cmp>34</cmp><type>N, F</type><displayname>Ukrainian</displayname><eng>Ukrainian</eng><ietfl>uk</ietfl><isnc>true</isnc><key>1058</key><lcid>34</lcid><name>uk</name><nativename>україньска</nativename><parent></parent><threeiso>ukr</threeiso><threewin>UKR</threewin><twowin>uk</twowin></item>
	<item><id>0x0422</id><cmp>1058</cmp><type>S, I, F</type><displayname>Ukrainian (Ukraine)</displayname><eng>Ukrainian (Ukraine)</eng><ietfl>uk-UA</ietfl><isnc>false</isnc><key>1058</key><lcid>1058</lcid><name>uk-UA</name><nativename>україньска (Україна)</nativename><parent>uk</parent><threeiso>ukr</threeiso><threewin>UKR</threewin><twowin>uk</twowin></item>
	<item><id>0x0020</id><cmp>32</cmp><type>N, F</type><displayname>Urdu</displayname><eng>Urdu</eng><ietfl>ur</ietfl><isnc>true</isnc><key>1056</key><lcid>32</lcid><name>ur</name><nativename>اُردو</nativename><parent></parent><threeiso>urd</threeiso><threewin>URD</threewin><twowin>ur</twowin></item>
	<item><id>0x0420</id><cmp>1056</cmp><type>S, I, F</type><displayname>Urdu (Islamic Republic of Pakistan)</displayname><eng>Urdu (Islamic Republic of Pakistan)</eng><ietfl>ur-PK</ietfl><isnc>false</isnc><key>1056</key><lcid>1056</lcid><name>ur-PK</name><nativename>اُردو (پاکستان)</nativename><parent>ur</parent><threeiso>urd</threeiso><threewin>URD</threewin><twowin>ur</twowin></item>
	<item><id>0x0043</id><cmp>67</cmp><type>N, F</type><displayname>Uzbek</displayname><eng>Uzbek</eng><ietfl>uz</ietfl><isnc>true</isnc><key>1091</key><lcid>67</lcid><name>uz</name><nativename>U'zbek</nativename><parent></parent><threeiso>uzb</threeiso><threewin>UZB</threewin><twowin>uz</twowin></item>
	<item><id>0x0843</id><cmp>2115</cmp><type>S, I, F</type><displayname>Uzbek (Cyrillic, Uzbekistan)</displayname><eng>Uzbek (Cyrillic, Uzbekistan)</eng><ietfl>uz-Cyrl-UZ</ietfl><isnc>false</isnc><key>2115</key><lcid>2115</lcid><name>uz-UZ-Cyrl</name><nativename>Ўзбек (Ўзбекистон)</nativename><parent>uz</parent><threeiso>uzb</threeiso><threewin>UZB</threewin><twowin>uz</twowin></item>
	<item><id>0x0443</id><cmp>1091</cmp><type>S, I, F</type><displayname>Uzbek (Latin, Uzbekistan)</displayname><eng>Uzbek (Latin, Uzbekistan)</eng><ietfl>uz-Latn-UZ</ietfl><isnc>false</isnc><key>1091</key><lcid>1091</lcid><name>uz-UZ-Latn</name><nativename>U'zbek (U'zbekiston Respublikasi)</nativename><parent>uz</parent><threeiso>uzb</threeiso><threewin>UZB</threewin><twowin>uz</twowin></item>
	<item><id>0x002A</id><cmp>42</cmp><type>N, F</type><displayname>Vietnamese</displayname><eng>Vietnamese</eng><ietfl>vi</ietfl><isnc>true</isnc><key>1066</key><lcid>42</lcid><name>vi</name><nativename>Tiếng Việt</nativename><parent></parent><threeiso>vie</threeiso><threewin>VIT</threewin><twowin>vi</twowin></item>
	<item><id>0x042A</id><cmp>1066</cmp><type>S, I, F</type><displayname>Vietnamese (Vietnam)</displayname><eng>Vietnamese (Vietnam)</eng><ietfl>vi-VN</ietfl><isnc>false</isnc><key>1066</key><lcid>1066</lcid><name>vi-VN</name><nativename>Tiếng Việt (Việt Nam)</nativename><parent>vi</parent><threeiso>vie</threeiso><threewin>VIT</threewin><twowin>vi</twowin></item>
</cultures>