<?xml version="1.0"?> 
<?xml-stylesheet href="sampelView.xsl" type="text/xsl"?>
<zx:myFields xmlns:zx="http://dario.partia.com/formdesigner/tempuri">
    <zx:dateField1/>
    <zx:dateField2/>
    <zx:dateField3/>
    <zx:dateField4/>
    <zx:dateField5/>
    <zx:dateField6/>
    <zx:dateField7/>
    <zx:dateField8/>
    <zx:dateField9/>
    <zx:dateField10/>
    <zx:dateField11/>
    <zx:dateField12/>
    <zx:dateField13/>
    <zx:dateField14/>
    <zx:dateField15/>
    <zx:dateField16/>
    <zx:dateField17/>
</zx:myFields>