<?xml version="1.0" ?> 
<x:stylesheet xmlns:x="http://www.w3.org/TR/WD-xsl" xmlns:dt="urn:schemas-microsoft-com:datatypes" xmlns:d2="uuid:C2F41010-65B3-11d1-A29F-00AA00C14882">
 <!--<x:template match="/">
 <html>
 <head>
  <style>BODY{font:x-small 'Verdana';margin-right:1.5em} .c{cursor:hand} .b{color:red;font-family:'Courier New';font-weight:bold;text-decoration:none} .e{margin-left:1em;text-indent:-1em;margin-right:1em} .k{margin-left:1em;text-indent:-1em;margin-right:1em} .t{color:#990000} .xt{color:#990099} .ns{color:red} .dt{color:green} .m{color:blue} .tx{font-weight:bold} .db{text-indent:0px;margin-left:1em;margin-top:0px;margin-bottom:0px;padding-left:.3em;border-left:1px solid #CCCCCC;font:small Courier} .di{font:small Courier} .d{color:blue} .pi{color:blue} .cb{text-indent:0px;margin-left:1em;margin-top:0px;margin-bottom:0px;padding-left:.3em;font:small Courier;color:#888888} .ci{font:small Courier;color:#888888} PRE{margin:0px;display:inline}</style> 
 <script>
<x:comment>
  	function f(e){ if (e.className=="ci"){if (e.children(0).innerText.indexOf("\n")>0) fix(e,"cb");} if (e.className=="di"){if (e.children(0).innerText.indexOf("\n")>0) fix(e,"db");} e.id=""; } function fix(e,cl){ e.className=cl; e.style.display="block"; j=e.parentElement.children(0); j.className="c"; k=j.children(0); k.style.visibility="visible"; k.href="#"; } function ch(e){ mark=e.children(0).children(0); if (mark.innerText=="+"){ mark.innerText="-"; for (var i=1;i< e.children.length;i++) e.children(i).style.display="block"; } else if (mark.innerText=="-"){ mark.innerText="+"; for (var i=1;i<e.children.length;i++) e.children(i).style.display="none"; }} function ch2(e){ mark=e.children(0).children(0); contents=e.children(1); if (mark.innerText=="+"){ mark.innerText="-"; if (contents.className=="db"||contents.className=="cb") contents.style.display="block"; else contents.style.display="inline"; } else if (mark.innerText=="-"){ mark.innerText="+"; contents.style.display="none"; }} function cl(){ e=window.event.srcElement; if (e.className!="c"){e=e.parentElement;if (e.className!="c"){return;}} e=e.parentElement; if (e.className=="e") ch(e); if (e.className=="k") ch2(e); } function ex(){} function h(){window.status=" ";} document.onclick=cl;
  </x:comment>
  </script>
  </head>
 <body class="st">
  <x:apply-templates /> 
  </body>
  </html>
  </x:template>
 <x:template match="node()[nodeType()=10]">
 <div class="e">
 <span>
 <span class="b">
  <x:entity-ref name="nbsp" /> 
  </span>
				<span class="d">
<!DOCTYPE
					<x:node-name /> 
					<i>(View Source for full doctype...)</i> 
  > 
				</span>
			</span>
  </div>
  </x:template>
 <x:template match="pi()">
 <div class="e">
 <span class="b">
  <x:entity-ref name="nbsp" /> 
			</span>
		<span class="m"><?</SPAN> 
					 <SPAN class="pi">
					  <x:node-name /> 
					  <x:value-of /> 
					  </SPAN>
					  <SPAN class="m">?></span>
		</div>
	</x:template>
	<x:template match="pi('xml')">
 <div class="e">
 <span class="b">
  <x:entity-ref name="nbsp" /> 
  </span>
  <span class="m"><?</SPAN> 
 <SPAN class="pi">
  xml 
 <x:for-each select="@*">
  <x:node-name /> 
  =" 
  <x:value-of /> 
  " 
  </x:for-each>
  </SPAN>
  <SPAN class="m">?></span> 
  </div>
  </x:template>
 <x:template match="@*" xml:space="preserve">
 <span>
 <x:attribute name="class">
  <x:if match="x:*/@*">x</x:if> 
  t 
  </x:attribute>
  
  <x:node-name /> 
  </span>
  <span class="m">="</span> 
 <b>
  <x:value-of /> 
  </b>
  <span class="m">"</span> 
  </x:template>
 <x:template match="@xmlns:*|@xmlns|@xml:*">
 <span class="ns">
  <x:node-name /> 
  </span>
  <span class="m">="</span> 
 <b class="ns">
  <x:value-of /> 
  </b>
  <span class="m">"</span> 
  </x:template>
 <x:template match="@dt:*|@d2:*">
 <span class="dt">
  <x:node-name /> 
  </span>
  <span class="m">="</span> 
 <b class="dt">
  <x:value-of /> 
  </b>
  <span class="m">"</span> 
  </x:template>
 <x:template match="textnode()">
 <div class="e">
 <span class="b">
  <x:entity-ref name="nbsp" /> 
  </span>
 <span class="tx">
  <x:value-of /> 
  </span>
  </div>
  </x:template>
 <x:template match="comment()">
 <div class="k">
 <SPAN>
  <a class="b" onclick="return false" onfocus="h()" style="visibility:hidden">-</a> 
  <span class="m"></SPAN> 
  </SPAN>
 <SPAN id="clean" class="ci">
 <PRE>
  <x:value-of /> 
  </PRE>
  </SPAN>
 <SPAN class="b">
  <x:entity-ref name="nbsp" /> 
  </SPAN>
  <SPAN class="m"></span> 
  <script>f(clean);</script> 
  </div>
  </x:template>
 <x:template match="cdata()">
 <div class="k">
 <SPAN>
  <a class="b" onclick="return false" onfocus="h()" style="visibility:hidden">-</a> 
  <span class="m"><![CDATA[</SPAN> 
  </SPAN>
 <SPAN id="clean" class="di">
 <PRE>
  <x:value-of /> 
  </PRE>
  </SPAN>
 <SPAN class="b">
  <x:entity-ref name="nbsp" /> 
  </SPAN>
  <SPAN class="m">]]></span> 
  <script>f(clean);</script> 
  </div>
  </x:template>
 <x:template match="*">
 <div class="e">
 <div style="margin-left:1em;text-indent:-2em">
 <span class="b">
  <x:entity-ref name="nbsp" /> 
  </span>
  <span class="m"><</span> 
 <span>
 <x:attribute name="class">
  <x:if match="x:*">x</x:if> 
  t 
  </x:attribute>
  <x:node-name /> 
  </span>
  <x:apply-templates select="@*" /> 
  <span class="m">/></span> 
  </div>
  </div>
  </x:template>
 <x:template match="*[node()]">
 <div class="e">
 <div class="c">
  <a href="#" onclick="return false" onfocus="h()" class="b">-</a> 
  <span class="m"><</span> 
 <span>
 <x:attribute name="class">
  <x:if match="x:*">x</x:if> 
  t 
  </x:attribute>
  <x:node-name /> 
  </span>
  <x:apply-templates select="@*" /> 
  <span class="m">></span> 
  </div>
 <div>
  <x:apply-templates /> 
 <div>
 <span class="b">
 <x:entity-ref name="nbsp" /> 
  </span>
  <span class="m"></</span> 
 <span>
 <x:attribute name="class">
  <x:if match="x:*">x</x:if> 
  t 
  </x:attribute>
  <x:node-name /> 
  </span>
  <span class="m">></span> 
  </div>
  </div>
  </div>
  </x:template>
 <x:template match="*[textnode()$and$$not$(comment()$or$pi()$or$cdata())]">
 <div class="e">
 <div style="margin-left:1em;text-indent:-2em">
 <span class="b">
  <x:entity-ref name="nbsp" /> 
  </span>
  <span class="m"><</span> 
 <span>
 <x:attribute name="class">
  <x:if match="x:*">x</x:if> 
  t 
  </x:attribute>
  <x:node-name /> 
  </span>
  <x:apply-templates select="@*" /> 
  <span class="m">></span> 
 <span class="tx">
  <x:value-of /> 
  </span>
  <span class="m"></</span> 
 <span>
 <x:attribute name="class">
  <x:if match="x:*">x</x:if> 
  t 
  </x:attribute>
  <x:node-name /> 
  </span>
  <span class="m">></span> 
  </div>
  </div>
  </x:template>
 <x:template match="*[*]">
 <div class="e">
 <div class="c" style="margin-left:1em;text-indent:-2em">
  <a href="#" onclick="return false" onfocus="h()" class="b">-</a> 
  <span class="m"><</span> 
 <span>
 <x:attribute name="class">
  <x:if match="x:*">x</x:if> 
  t 
  </x:attribute>
  <x:node-name /> 
  </span>
  <x:apply-templates select="@*" /> 
  <span class="m">></span> 
  </div>
 <div>
  <x:apply-templates /> 
 <div>
 <span class="b">
  <x:entity-ref name="nbsp" /> 
  </span>
  <span class="m"></</span> 
 <span>
 <x:attribute name="class">
  <x:if match="x:*">x</x:if> 
  t 
  </x:attribute>
  <x:node-name /> 
  </span>
  <span class="m">></span> 
  </div>
  </div>
  </div>
  </x:template>-->
  </x:stylesheet>