﻿<?xml version="1.0"?>
<?xml-stylesheet href="sampelView.xslt" type="text/xsl"?>
<zx:assetTracking xmlns:zx="http://dario.partia.com/formdesigner/tempuri">
  <zx:emailAddress/>
  <zx:managerName/>
  <zx:departmentName/>
  <zx:summary/>
  <zx:field1/>
  <zx:field2/>
  <zx:field3/>
  <zx:field4/>
  <zx:field5/>
  <zx:field6/>
  <zx:field7/>
  <zx:field8/>
  <zx:field9/>
  <zx:field10/>
  <zx:field11/>
  <zx:field12/>
  <zx:field13/>
  <zx:field14/>
  <zx:field15/>
  <zx:field16/>
  <zx:field17/>
  <zx:field18/>
  <zx:field19/>
  <zx:field20/>
</zx:assetTracking>